NET	The total number of nets: 3153
net1	The number of pins: 66
	0,34,12
	0,45,12
	0,44,11
	0,43,15
	0,40,12
	0,24,16
	0,42,14
	0,44,16
	0,43,15
	0,49,14
	0,44,20
	0,22,16
	0,52,12
	0,43,20
	0,29,17
	0,52,12
	0,56,13
	0,55,11
	0,60,10
	0,31,24
	0,58,11
	0,59,11
	0,46,17
	0,60,9
	0,58,9
	0,59,10
	0,58,10
	0,55,9
	0,57,10
	0,57,11
	0,58,11
	0,59,9
	0,59,10
	0,58,12
	0,59,10
	0,58,11
	0,58,9
	0,59,9
	0,55,11
	0,61,10
	0,59,11
	0,59,11
	0,59,9
	0,41,25
	0,60,9
	0,61,9
	0,57,11
	0,46,25
	0,56,12
	0,56,12
	0,43,24
	0,57,13
	0,47,25
	0,47,31
	0,55,31
	0,54,35
	0,38,29
	0,35,32
	0,54,34
	0,55,33
	0,55,38
	0,56,39
	0,48,36
	0,56,39
	0,57,41
	0,56,40
net2	The number of pins: 65
	0,27,10
	0,21,15
	0,40,14
	0,42,19
	0,33,12
	0,26,12
	0,23,14
	0,42,18
	0,40,14
	0,28,11
	0,42,18
	0,42,15
	0,37,18
	0,37,18
	0,32,18
	0,28,14
	0,29,15
	0,32,18
	0,38,20
	0,30,14
	0,29,17
	0,21,23
	0,29,21
	0,39,19
	0,22,24
	0,33,22
	0,36,23
	0,36,22
	0,33,25
	0,32,29
	0,38,29
	0,30,28
	0,38,31
	0,35,30
	0,33,32
	0,40,30
	0,34,34
	0,33,31
	0,27,35
	0,34,35
	0,40,36
	0,37,33
	0,38,35
	0,41,33
	0,42,41
	0,33,39
	0,44,32
	0,40,47
	0,35,38
	0,44,38
	0,40,44
	0,45,41
	0,41,37
	0,38,41
	0,37,42
	0,39,42
	0,39,44
	0,42,45
	0,42,48
	0,40,50
	0,27,45
	0,38,47
	0,38,46
	0,36,47
	0,37,48
net3	The number of pins: 65
	0,38,12
	0,40,11
	0,36,11
	0,31,11
	0,37,13
	0,39,12
	0,37,12
	0,27,11
	0,26,11
	0,26,15
	0,26,15
	0,21,12
	0,24,15
	0,37,12
	0,33,14
	0,31,12
	0,37,15
	0,33,17
	0,35,17
	0,32,19
	0,41,21
	0,31,13
	0,26,16
	0,23,17
	0,31,22
	0,34,17
	0,43,21
	0,26,24
	0,36,24
	0,36,25
	0,33,26
	0,40,23
	0,37,26
	0,33,27
	0,33,27
	0,30,35
	0,35,34
	0,38,28
	0,40,33
	0,30,36
	0,29,36
	0,45,38
	0,39,34
	0,39,40
	0,44,38
	0,39,36
	0,45,38
	0,32,41
	0,28,39
	0,39,37
	0,22,41
	0,31,38
	0,36,42
	0,32,42
	0,30,41
	0,33,41
	0,24,40
	0,19,42
	0,36,44
	0,36,44
	0,41,41
	0,41,45
	0,36,42
	0,41,45
	0,23,42
net4	The number of pins: 60
	0,25,18
	0,11,21
	0,19,21
	0,25,22
	0,38,21
	0,29,27
	0,23,24
	0,38,24
	0,29,25
	0,22,21
	0,41,26
	0,38,27
	0,39,25
	0,30,27
	0,43,30
	0,31,34
	0,13,38
	0,29,42
	0,12,38
	0,37,40
	0,20,38
	0,27,40
	0,20,39
	0,20,38
	0,15,38
	0,21,42
	0,16,40
	0,18,39
	0,20,44
	0,22,41
	0,26,41
	0,20,43
	0,29,42
	0,27,41
	0,21,45
	0,24,46
	0,30,45
	0,31,45
	0,23,45
	0,22,43
	0,35,46
	0,12,17
	0,10,18
	0,11,18
	0,11,16
	0,11,18
	0,10,18
	0,10,18
	0,11,18
	0,14,17
	0,10,18
	0,10,16
	0,12,17
	0,11,16
	0,9,18
	0,11,18
	0,11,17
	0,11,20
	0,11,21
	0,14,16
net5	The number of pins: 60
	0,28,12
	0,25,12
	0,24,12
	0,24,14
	0,24,15
	0,46,13
	0,45,12
	0,45,12
	0,44,12
	0,29,14
	0,27,20
	0,43,12
	0,44,14
	0,35,18
	0,46,11
	0,47,13
	0,33,17
	0,47,21
	0,48,12
	0,28,17
	0,46,12
	0,48,12
	0,45,11
	0,47,11
	0,47,12
	0,46,12
	0,48,12
	0,33,24
	0,26,23
	0,47,12
	0,36,23
	0,43,23
	0,34,29
	0,32,28
	0,33,33
	0,31,35
	0,45,32
	0,34,36
	0,47,31
	0,45,38
	0,29,35
	0,48,34
	0,49,38
	0,50,38
	0,52,38
	0,51,39
	0,30,39
	0,43,40
	0,48,44
	0,51,40
	0,51,41
	0,51,41
	0,49,38
	0,48,41
	0,30,39
	0,29,41
	0,38,45
	0,31,39
	0,44,46
	0,36,45
net6	The number of pins: 59
	0,8,14
	0,7,13
	0,10,14
	0,6,13
	0,7,13
	0,7,12
	0,6,14
	0,6,14
	0,7,14
	0,7,13
	0,8,12
	0,7,14
	0,8,13
	0,7,12
	0,6,14
	0,8,12
	0,6,14
	0,6,12
	0,40,21
	0,33,16
	0,31,17
	0,41,15
	0,41,17
	0,41,15
	0,41,16
	0,27,21
	0,40,23
	0,10,18
	0,40,21
	0,2,38
	0,40,25
	0,28,25
	0,41,26
	0,22,21
	0,28,30
	0,20,34
	0,27,35
	0,26,36
	0,12,39
	0,15,39
	0,15,39
	0,20,39
	0,15,41
	0,19,39
	0,21,43
	0,13,41
	0,17,43
	0,26,41
	0,33,45
	0,19,47
	0,30,43
	0,15,43
	0,18,46
	0,31,46
	0,33,45
	0,21,47
	0,21,44
	0,23,46
	0,21,47
net7	The number of pins: 59
	0,43,12
	0,44,12
	0,39,12
	0,34,12
	0,44,12
	0,41,15
	0,36,23
	0,42,13
	0,45,14
	0,44,13
	0,42,12
	0,45,15
	0,44,17
	0,36,21
	0,46,13
	0,47,14
	0,47,15
	0,48,14
	0,48,15
	0,35,22
	0,45,13
	0,47,14
	0,46,12
	0,47,14
	0,47,14
	0,46,14
	0,46,14
	0,45,14
	0,45,12
	0,45,14
	0,44,16
	0,37,23
	0,42,31
	0,42,32
	0,45,32
	0,44,29
	0,49,39
	0,43,39
	0,48,41
	0,46,43
	0,44,36
	0,37,39
	0,36,39
	0,44,39
	0,44,35
	0,44,39
	0,45,36
	0,43,42
	0,46,41
	0,44,44
	0,43,44
	0,43,50
	0,42,44
	0,42,51
	0,43,48
	0,43,51
	0,38,51
	0,38,49
	0,38,51
net8	The number of pins: 59
	0,32,47
	0,31,47
	0,30,46
	0,62,51
	0,31,48
	0,35,48
	0,64,52
	0,63,54
	0,61,54
	0,60,57
	0,64,59
	0,63,56
	0,63,53
	0,61,57
	0,64,53
	0,64,50
	0,62,56
	0,64,54
	0,61,47
	0,64,60
	0,62,60
	0,62,59
	0,64,56
	0,60,53
	0,61,58
	0,64,48
	0,58,54
	0,61,54
	0,60,54
	0,63,54
	0,64,57
	0,61,56
	0,63,50
	0,62,59
	0,63,50
	0,60,59
	0,63,57
	0,61,57
	0,59,59
	0,64,49
	0,62,60
	0,64,54
	0,63,57
	0,64,57
	0,63,51
	0,58,57
	0,64,58
	0,60,55
	0,58,58
	0,64,55
	0,64,59
	0,60,58
	0,64,56
	0,61,51
	0,63,55
	0,61,55
	0,64,53
	0,63,47
	0,63,58
net9	The number of pins: 59
	0,58,9
	0,59,4
	0,62,7
	0,60,7
	0,63,7
	0,60,9
	0,59,8
	0,60,8
	0,61,6
	0,59,6
	0,61,5
	0,61,6
	0,63,5
	0,62,8
	0,61,12
	0,56,4
	0,59,5
	0,63,8
	0,56,3
	0,60,5
	0,63,5
	0,55,5
	0,60,4
	0,61,5
	0,62,4
	0,62,9
	0,63,6
	0,60,8
	0,63,8
	0,64,13
	0,57,4
	0,62,9
	0,54,6
	0,59,6
	0,62,8
	0,60,3
	0,62,3
	0,59,7
	0,59,8
	0,61,12
	0,63,4
	0,64,9
	0,58,5
	0,60,11
	0,56,6
	0,61,11
	0,63,6
	0,31,9
	0,33,20
	0,29,12
	0,31,11
	0,29,16
	0,30,15
	0,30,14
	0,33,15
	0,29,18
	0,47,25
	0,53,29
	0,57,28
net10	The number of pins: 59
	0,35,6
	0,35,3
	0,34,5
	0,36,6
	0,38,6
	0,36,5
	0,39,8
	0,35,3
	0,38,7
	0,39,8
	0,35,4
	0,32,5
	0,34,5
	0,31,4
	0,33,3
	0,33,4
	0,32,5
	0,36,5
	0,33,6
	0,31,3
	0,32,11
	0,33,12
	0,24,12
	0,23,13
	0,28,13
	0,33,12
	0,25,13
	0,23,12
	0,32,14
	0,34,14
	0,28,16
	0,26,16
	0,31,18
	0,29,15
	0,22,13
	0,33,18
	0,34,17
	0,31,17
	0,31,15
	0,29,17
	0,31,19
	0,37,20
	0,35,20
	0,38,24
	0,35,24
	0,39,21
	0,40,23
	0,34,24
	0,36,24
	0,32,26
	0,34,26
	0,35,25
	0,36,26
	0,31,27
	0,40,27
	0,38,26
	0,37,27
	0,40,29
	0,35,27
net11	The number of pins: 58
	0,33,11
	0,27,11
	0,25,12
	0,38,14
	0,39,14
	0,21,14
	0,39,15
	0,40,15
	0,39,15
	0,24,15
	0,37,14
	0,28,19
	0,30,12
	0,25,15
	0,30,13
	0,28,15
	0,21,14
	0,34,18
	0,41,20
	0,30,21
	0,21,18
	0,34,20
	0,18,21
	0,37,15
	0,46,21
	0,34,23
	0,37,21
	0,30,21
	0,38,26
	0,37,24
	0,44,26
	0,39,26
	0,38,30
	0,37,29
	0,30,33
	0,31,32
	0,32,39
	0,39,35
	0,40,32
	0,35,36
	0,48,38
	0,40,36
	0,31,39
	0,39,38
	0,42,39
	0,36,41
	0,43,38
	0,30,38
	0,38,39
	0,39,44
	0,37,40
	0,39,44
	0,36,41
	0,32,43
	0,32,45
	0,40,45
	0,36,44
	0,35,47
net12	The number of pins: 58
	0,26,46
	0,35,51
	0,33,50
	0,34,48
	0,27,50
	0,32,48
	0,36,52
	0,31,52
	0,31,53
	0,33,53
	0,30,51
	0,31,51
	0,35,53
	0,47,48
	0,30,52
	0,30,53
	0,28,54
	0,30,55
	0,28,55
	0,49,48
	0,44,66
	0,39,66
	0,37,66
	0,43,66
	0,45,65
	0,42,65
	0,47,65
	0,48,66
	0,45,63
	0,39,66
	0,35,66
	0,42,64
	0,47,66
	0,42,66
	0,37,65
	0,37,65
	0,48,63
	0,46,66
	0,45,66
	0,45,62
	0,49,62
	0,45,66
	0,41,66
	0,37,66
	0,40,66
	0,39,65
	0,48,66
	0,45,65
	0,48,64
	0,48,65
	0,35,66
	0,48,63
	0,35,65
	0,42,66
	0,48,65
	0,42,65
	0,44,62
	0,35,65
net13	The number of pins: 58
	0,56,43
	0,56,42
	0,56,41
	0,58,41
	0,58,44
	0,59,44
	0,48,46
	0,60,44
	0,59,43
	0,57,47
	0,58,45
	0,49,46
	0,58,47
	0,59,45
	0,48,51
	0,59,44
	0,56,47
	0,58,49
	0,50,53
	0,55,50
	0,54,51
	0,54,55
	0,51,58
	0,50,58
	0,55,47
	0,53,52
	0,55,47
	0,49,53
	0,58,57
	0,57,58
	0,55,52
	0,50,56
	0,57,57
	0,56,58
	0,58,59
	0,56,56
	0,57,59
	0,58,57
	0,52,54
	0,48,57
	0,48,57
	0,47,57
	0,56,57
	0,57,59
	0,56,57
	0,57,57
	0,55,55
	0,54,54
	0,48,56
	0,46,57
	0,57,58
	0,56,56
	0,50,47
	0,48,58
	0,57,57
	0,56,57
	0,50,56
	0,47,55
net14	The number of pins: 58
	0,44,56
	0,43,56
	0,38,55
	0,39,54
	0,41,55
	0,39,56
	0,39,56
	0,43,56
	0,57,54
	0,49,65
	0,57,61
	0,56,61
	0,53,61
	0,58,63
	0,53,59
	0,54,66
	0,53,60
	0,52,66
	0,53,62
	0,52,64
	0,51,65
	0,50,64
	0,50,66
	0,54,65
	0,52,66
	0,52,59
	0,50,65
	0,54,65
	0,55,63
	0,55,66
	0,50,66
	0,55,62
	0,54,63
	0,55,60
	0,55,60
	0,52,60
	0,52,60
	0,57,62
	0,52,62
	0,54,59
	0,57,63
	0,56,63
	0,55,62
	0,56,62
	0,54,60
	0,56,65
	0,56,66
	0,52,65
	0,56,64
	0,52,59
	0,52,65
	0,54,61
	0,53,66
	0,56,66
	0,54,62
	0,53,63
	0,57,59
	0,55,65
net15	The number of pins: 58
	0,59,46
	0,60,47
	0,63,18
	0,63,23
	0,64,15
	0,63,18
	0,64,27
	0,64,30
	0,61,17
	0,59,20
	0,64,20
	0,63,25
	0,64,26
	0,63,21
	0,60,18
	0,63,26
	0,64,18
	0,63,19
	0,61,21
	0,60,15
	0,64,31
	0,63,27
	0,64,23
	0,64,17
	0,64,27
	0,63,26
	0,63,16
	0,59,18
	0,61,15
	0,64,18
	0,61,21
	0,63,20
	0,63,17
	0,64,15
	0,64,29
	0,64,26
	0,64,29
	0,63,21
	0,63,22
	0,64,23
	0,64,25
	0,64,21
	0,64,19
	0,63,15
	0,64,20
	0,64,28
	0,63,17
	0,61,16
	0,64,22
	0,63,28
	0,64,24
	0,64,21
	0,61,20
	0,64,16
	0,61,18
	0,64,17
	0,64,24
	0,63,20
net16	The number of pins: 57
	0,38,21
	0,35,21
	0,38,21
	0,34,21
	0,16,31
	0,18,32
	0,34,28
	0,10,35
	0,15,34
	0,10,35
	0,15,35
	0,12,35
	0,26,38
	0,34,30
	0,13,36
	0,36,33
	0,35,33
	0,35,35
	0,21,38
	0,37,36
	0,27,38
	0,27,39
	0,18,38
	0,35,40
	0,37,39
	0,19,38
	0,43,45
	0,13,56
	0,42,43
	0,41,47
	0,10,53
	0,41,50
	0,11,54
	0,13,58
	0,38,48
	0,32,47
	0,28,46
	0,25,44
	0,10,54
	0,11,54
	0,36,50
	0,36,50
	0,27,48
	0,28,49
	0,27,47
	0,12,53
	0,38,50
	0,27,44
	0,14,48
	0,12,52
	0,25,45
	0,10,53
	0,10,54
	0,10,56
	0,42,52
	0,37,51
	0,11,55
net17	The number of pins: 57
	0,56,41
	0,53,40
	0,54,56
	0,55,41
	0,8,47
	0,8,47
	0,54,40
	0,54,43
	0,55,41
	0,8,44
	0,54,43
	0,54,44
	0,53,46
	0,54,45
	0,55,45
	0,11,55
	0,9,48
	0,10,47
	0,54,41
	0,53,48
	0,9,51
	0,9,48
	0,55,41
	0,13,56
	0,53,48
	0,9,50
	0,47,52
	0,9,53
	0,8,52
	0,51,56
	0,29,48
	0,50,50
	0,50,50
	0,49,51
	0,55,46
	0,46,54
	0,49,52
	0,53,54
	0,50,49
	0,16,57
	0,51,56
	0,47,56
	0,18,57
	0,51,55
	0,53,52
	0,49,50
	0,37,54
	0,51,56
	0,46,56
	0,47,54
	0,33,55
	0,23,57
	0,41,54
	0,38,54
	0,29,54
	0,28,56
	0,41,56
net18	The number of pins: 57
	0,10,41
	0,12,41
	0,13,66
	0,8,66
	0,9,64
	0,11,62
	0,7,65
	0,13,65
	0,7,63
	0,7,65
	0,11,65
	0,15,63
	0,17,64
	0,11,66
	0,13,63
	0,8,66
	0,13,62
	0,10,63
	0,9,65
	0,16,62
	0,11,64
	0,13,62
	0,10,62
	0,7,64
	0,14,61
	0,14,66
	0,14,66
	0,16,49
	0,16,53
	0,10,66
	0,14,60
	0,17,57
	0,11,63
	0,16,62
	0,8,63
	0,11,66
	0,7,62
	0,10,66
	0,7,63
	0,11,62
	0,13,65
	0,7,66
	0,10,65
	0,9,65
	0,14,65
	0,13,51
	0,15,64
	0,12,65
	0,13,66
	0,12,64
	0,11,63
	0,15,52
	0,14,60
	0,13,51
	0,14,53
	0,17,53
	0,17,57
net19	The number of pins: 56
	0,44,14
	0,46,14
	0,50,14
	0,50,15
	0,55,18
	0,34,21
	0,30,23
	0,50,19
	0,53,17
	0,58,18
	0,56,19
	0,58,19
	0,58,17
	0,57,19
	0,56,19
	0,54,18
	0,55,18
	0,53,19
	0,52,29
	0,54,17
	0,53,19
	0,50,24
	0,50,30
	0,54,33
	0,55,33
	0,51,33
	0,55,35
	0,55,33
	0,56,38
	0,57,39
	0,57,38
	0,58,39
	0,55,47
	0,59,45
	0,59,43
	0,53,47
	0,58,40
	0,57,47
	0,56,47
	0,56,47
	0,58,48
	0,54,51
	0,55,51
	0,54,33
	0,53,50
	0,51,29
	0,56,51
	0,30,48
	0,34,49
	0,31,52
	0,35,53
	0,33,53
	0,34,53
	0,32,53
	0,30,51
	0,30,52
net20	The number of pins: 56
	0,63,11
	0,63,14
	0,63,11
	0,64,9
	0,62,9
	0,62,12
	0,62,10
	0,48,11
	0,63,11
	0,62,11
	0,64,10
	0,62,10
	0,64,14
	0,62,11
	0,49,12
	0,48,12
	0,63,10
	0,64,12
	0,63,12
	0,61,11
	0,63,11
	0,48,11
	0,62,12
	0,64,12
	0,63,12
	0,61,11
	0,64,11
	0,62,11
	0,61,10
	0,63,12
	0,64,11
	0,64,12
	0,64,9
	0,63,12
	0,64,12
	0,62,11
	0,55,12
	0,50,12
	0,53,14
	0,64,13
	0,63,9
	0,64,11
	0,62,12
	0,63,10
	0,63,9
	0,54,12
	0,54,12
	0,64,10
	0,59,12
	0,64,11
	0,62,12
	0,49,12
	0,61,11
	0,53,16
	0,50,16
	0,62,16
net21	The number of pins: 55
	0,11,3
	0,10,5
	0,12,4
	0,11,5
	0,10,4
	0,39,17
	0,38,15
	0,20,15
	0,10,5
	0,12,5
	0,12,4
	0,13,6
	0,12,3
	0,19,16
	0,20,15
	0,12,5
	0,12,5
	0,12,6
	0,10,3
	0,11,5
	0,12,6
	0,12,5
	0,13,5
	0,11,6
	0,11,5
	0,11,3
	0,11,4
	0,11,6
	0,13,4
	0,13,3
	0,34,20
	0,37,11
	0,36,17
	0,19,20
	0,26,23
	0,39,24
	0,28,25
	0,39,27
	0,15,30
	0,39,22
	0,16,31
	0,28,29
	0,16,32
	0,32,35
	0,30,29
	0,29,32
	0,27,33
	0,18,33
	0,18,33
	0,19,33
	0,17,33
	0,15,34
	0,27,35
	0,12,34
	0,13,34
net22	The number of pins: 55
	0,46,2
	0,48,2
	0,46,1
	0,47,1
	0,46,0
	0,47,1
	0,47,2
	0,46,0
	0,46,2
	0,47,3
	0,48,2
	0,48,3
	0,49,1
	0,47,2
	0,48,3
	0,48,1
	0,47,0
	0,49,2
	0,47,2
	0,48,0
	0,47,0
	0,47,2
	0,46,0
	0,48,2
	0,49,0
	0,46,0
	0,48,0
	0,47,0
	0,46,3
	0,47,0
	0,49,0
	0,49,2
	0,48,3
	0,47,3
	0,41,9
	0,46,1
	0,48,1
	0,47,2
	0,48,3
	0,44,5
	0,46,5
	0,43,11
	0,39,11
	0,48,15
	0,44,15
	0,43,11
	0,44,12
	0,41,11
	0,44,16
	0,42,12
	0,49,15
	0,46,17
	0,45,16
	0,42,17
	0,42,17
net23	The number of pins: 55
	0,53,6
	0,53,4
	0,53,4
	0,53,5
	0,53,3
	0,52,6
	0,54,4
	0,53,3
	0,53,2
	0,51,6
	0,53,5
	0,52,4
	0,53,3
	0,53,2
	0,53,6
	0,52,4
	0,53,5
	0,51,6
	0,51,4
	0,52,6
	0,52,3
	0,51,5
	0,52,5
	0,51,3
	0,54,3
	0,53,5
	0,51,3
	0,51,5
	0,51,4
	0,52,3
	0,54,5
	0,51,5
	0,53,3
	0,52,5
	0,54,4
	0,54,3
	0,51,5
	0,54,5
	0,52,5
	0,52,6
	0,53,9
	0,48,8
	0,50,8
	0,54,9
	0,51,12
	0,48,9
	0,49,12
	0,53,12
	0,51,9
	0,49,13
	0,43,14
	0,54,11
	0,44,14
	0,43,17
	0,43,17
net24	The number of pins: 55
	0,55,3
	0,55,0
	0,56,2
	0,56,2
	0,56,0
	0,55,0
	0,56,0
	0,49,9
	0,55,3
	0,54,2
	0,55,2
	0,55,1
	0,53,2
	0,53,1
	0,57,2
	0,54,2
	0,50,11
	0,56,3
	0,56,0
	0,56,2
	0,55,2
	0,53,0
	0,53,0
	0,54,0
	0,54,0
	0,54,0
	0,54,3
	0,56,0
	0,56,2
	0,54,0
	0,55,2
	0,55,3
	0,54,8
	0,53,9
	0,50,9
	0,51,11
	0,48,10
	0,55,1
	0,54,3
	0,57,1
	0,54,2
	0,56,3
	0,54,2
	0,50,11
	0,54,2
	0,56,1
	0,55,0
	0,54,1
	0,54,1
	0,53,11
	0,57,2
	0,56,1
	0,55,0
	0,54,6
	0,54,10
net25	The number of pins: 54
	0,8,45
	0,15,50
	0,9,44
	0,7,42
	0,14,51
	0,14,47
	0,12,48
	0,15,45
	0,13,48
	0,12,46
	0,45,46
	0,46,46
	0,46,49
	0,30,46
	0,48,48
	0,29,49
	0,30,44
	0,16,48
	0,17,53
	0,17,52
	0,16,52
	0,13,47
	0,15,50
	0,46,52
	0,43,53
	0,32,51
	0,15,53
	0,35,53
	0,35,51
	0,31,51
	0,28,51
	0,48,48
	0,44,55
	0,45,49
	0,37,53
	0,32,51
	0,23,52
	0,14,59
	0,45,49
	0,44,57
	0,16,59
	0,27,51
	0,23,51
	0,26,51
	0,24,53
	0,22,54
	0,22,54
	0,21,56
	0,17,56
	0,17,56
	0,19,57
	0,19,57
	0,20,57
	0,18,56
net26	The number of pins: 54
	0,9,46
	0,13,45
	0,37,46
	0,11,56
	0,9,47
	0,14,56
	0,11,50
	0,13,50
	0,17,51
	0,16,54
	0,30,48
	0,8,51
	0,9,51
	0,29,48
	0,30,48
	0,10,52
	0,8,51
	0,38,52
	0,11,50
	0,36,49
	0,35,50
	0,16,56
	0,35,49
	0,20,54
	0,33,54
	0,21,56
	0,35,54
	0,32,54
	0,26,55
	0,36,54
	0,31,54
	0,30,53
	0,30,54
	0,27,54
	0,24,54
	0,23,55
	0,25,55
	0,20,55
	0,10,59
	0,11,60
	0,11,60
	0,11,60
	0,10,59
	0,10,59
	0,10,60
	0,11,59
	0,9,60
	0,11,60
	0,10,60
	0,11,59
	0,12,59
	0,11,59
	0,11,57
	0,12,60
net27	The number of pins: 53
	0,57,42
	0,56,42
	0,56,43
	0,59,42
	0,57,42
	0,58,43
	0,60,44
	0,60,45
	0,58,44
	0,58,48
	0,61,45
	0,54,45
	0,60,46
	0,58,47
	0,57,48
	0,59,53
	0,49,51
	0,52,52
	0,59,52
	0,50,51
	0,52,49
	0,50,53
	0,54,48
	0,57,48
	0,51,51
	0,51,50
	0,61,47
	0,60,48
	0,59,50
	0,60,51
	0,56,48
	0,56,49
	0,58,50
	0,60,48
	0,59,51
	0,49,53
	0,49,51
	0,48,51
	0,49,53
	0,59,51
	0,60,51
	0,60,50
	0,51,49
	0,51,52
	0,49,51
	0,48,53
	0,58,50
	0,60,50
	0,48,52
	0,51,50
	0,48,53
	0,49,51
	0,48,53
net28	The number of pins: 52
	0,63,24
	0,60,24
	0,55,21
	0,60,24
	0,62,24
	0,62,23
	0,59,24
	0,63,24
	0,60,21
	0,63,24
	0,59,23
	0,61,24
	0,62,25
	0,61,22
	0,63,23
	0,61,26
	0,61,24
	0,59,21
	0,60,23
	0,61,24
	0,61,23
	0,61,23
	0,62,24
	0,61,24
	0,61,22
	0,63,23
	0,60,23
	0,62,24
	0,61,26
	0,58,21
	0,62,22
	0,62,23
	0,61,26
	0,61,25
	0,60,21
	0,45,23
	0,46,23
	0,44,21
	0,55,22
	0,18,29
	0,50,21
	0,47,22
	0,58,23
	0,55,21
	0,49,20
	0,37,27
	0,47,26
	0,50,21
	0,31,30
	0,28,42
	0,14,42
	0,14,41
net29	The number of pins: 52
	0,3,46
	0,4,45
	0,6,45
	0,10,46
	0,17,59
	0,19,58
	0,6,54
	0,8,56
	0,4,51
	0,2,48
	0,4,53
	0,18,58
	0,4,47
	0,7,50
	0,37,52
	0,36,48
	0,36,52
	0,18,59
	0,37,53
	0,37,53
	0,5,61
	0,5,62
	0,6,60
	0,19,59
	0,7,54
	0,6,61
	0,6,62
	0,36,53
	0,5,60
	0,5,61
	0,6,62
	0,6,61
	0,33,60
	0,35,53
	0,38,53
	0,19,59
	0,6,60
	0,5,62
	0,6,60
	0,7,62
	0,34,56
	0,35,50
	0,35,55
	0,31,56
	0,19,57
	0,26,55
	0,6,62
	0,7,61
	0,7,60
	0,7,60
	0,30,57
	0,31,57
net30	The number of pins: 51
	0,54,40
	0,56,41
	0,55,40
	0,56,41
	0,56,44
	0,53,43
	0,57,44
	0,56,45
	0,54,47
	0,56,44
	0,57,45
	0,57,45
	0,57,44
	0,48,49
	0,57,47
	0,56,50
	0,52,50
	0,52,51
	0,51,51
	0,55,51
	0,55,47
	0,55,48
	0,52,51
	0,47,55
	0,49,52
	0,46,53
	0,50,53
	0,54,50
	0,48,54
	0,46,56
	0,46,56
	0,56,56
	0,55,55
	0,54,50
	0,49,53
	0,57,55
	0,55,56
	0,56,56
	0,56,55
	0,54,53
	0,47,56
	0,46,56
	0,57,55
	0,55,54
	0,52,54
	0,52,53
	0,51,45
	0,50,53
	0,48,56
	0,49,54
	0,56,54
net31	The number of pins: 51
	0,59,42
	0,59,40
	0,57,41
	0,59,40
	0,61,42
	0,57,41
	0,62,42
	0,60,45
	0,59,43
	0,62,50
	0,60,45
	0,50,46
	0,61,45
	0,51,48
	0,60,47
	0,51,48
	0,53,46
	0,61,52
	0,63,53
	0,63,45
	0,60,44
	0,56,48
	0,60,53
	0,52,48
	0,50,48
	0,62,52
	0,64,48
	0,64,50
	0,60,52
	0,63,48
	0,62,48
	0,52,47
	0,54,47
	0,58,49
	0,50,46
	0,56,48
	0,52,46
	0,53,47
	0,63,53
	0,61,52
	0,63,52
	0,63,48
	0,59,52
	0,51,47
	0,51,47
	0,64,48
	0,58,51
	0,57,46
	0,63,47
	0,63,48
	0,63,52
net32	The number of pins: 50
	0,50,15
	0,36,13
	0,53,18
	0,49,15
	0,48,13
	0,50,15
	0,52,18
	0,44,13
	0,43,13
	0,43,12
	0,41,15
	0,45,13
	0,51,16
	0,51,17
	0,41,16
	0,51,18
	0,41,23
	0,51,15
	0,48,14
	0,46,14
	0,35,23
	0,51,17
	0,51,15
	0,47,15
	0,34,21
	0,47,15
	0,47,17
	0,51,18
	0,49,20
	0,49,18
	0,30,23
	0,49,29
	0,48,32
	0,26,47
	0,49,30
	0,48,34
	0,48,33
	0,51,38
	0,53,42
	0,52,36
	0,52,39
	0,52,39
	0,52,40
	0,52,44
	0,52,40
	0,54,41
	0,51,44
	0,54,41
	0,47,44
	0,47,48
net33	The number of pins: 49
	0,55,42
	0,55,40
	0,55,41
	0,55,43
	0,54,42
	0,55,44
	0,54,42
	0,55,45
	0,51,43
	0,55,45
	0,53,45
	0,55,43
	0,54,45
	0,56,47
	0,53,47
	0,52,54
	0,53,48
	0,50,51
	0,55,53
	0,48,48
	0,50,52
	0,47,53
	0,47,50
	0,53,51
	0,52,54
	0,45,53
	0,46,54
	0,45,56
	0,50,54
	0,53,53
	0,52,51
	0,53,49
	0,54,53
	0,54,56
	0,54,54
	0,48,54
	0,48,54
	0,53,53
	0,53,53
	0,49,54
	0,48,53
	0,47,54
	0,48,55
	0,53,51
	0,54,53
	0,52,53
	0,47,53
	0,54,50
	0,48,47
net34	The number of pins: 49
	0,41,4
	0,41,0
	0,43,0
	0,44,1
	0,43,1
	0,42,0
	0,41,3
	0,42,0
	0,44,0
	0,43,1
	0,43,2
	0,41,3
	0,43,2
	0,42,1
	0,42,0
	0,42,0
	0,44,2
	0,42,2
	0,42,2
	0,42,2
	0,44,1
	0,43,0
	0,43,0
	0,41,2
	0,43,2
	0,42,1
	0,43,0
	0,42,10
	0,42,2
	0,42,5
	0,35,17
	0,42,16
	0,35,17
	0,38,12
	0,42,10
	0,43,12
	0,42,15
	0,38,11
	0,40,17
	0,42,15
	0,41,11
	0,42,13
	0,38,11
	0,42,13
	0,42,12
	0,42,17
	0,38,13
	0,42,17
	0,41,17
net35	The number of pins: 48
	0,58,45
	0,56,42
	0,56,42
	0,56,45
	0,54,42
	0,57,44
	0,55,42
	0,16,45
	0,16,45
	0,16,42
	0,17,49
	0,17,49
	0,57,45
	0,58,45
	0,57,44
	0,50,47
	0,58,44
	0,58,45
	0,22,47
	0,39,44
	0,56,48
	0,55,49
	0,48,45
	0,48,47
	0,56,50
	0,56,49
	0,53,51
	0,52,52
	0,57,49
	0,51,53
	0,55,51
	0,56,50
	0,56,51
	0,54,47
	0,57,50
	0,50,47
	0,48,51
	0,53,50
	0,54,51
	0,55,48
	0,57,50
	0,56,51
	0,55,48
	0,48,52
	0,56,51
	0,57,51
	0,51,51
	0,56,45
net36	The number of pins: 48
	0,54,8
	0,57,5
	0,57,7
	0,58,5
	0,57,8
	0,57,5
	0,58,6
	0,57,7
	0,55,8
	0,57,6
	0,56,6
	0,54,7
	0,55,5
	0,56,6
	0,58,7
	0,57,8
	0,55,5
	0,56,6
	0,56,5
	0,56,8
	0,56,7
	0,55,6
	0,55,7
	0,56,5
	0,56,5
	0,56,8
	0,55,7
	0,55,6
	0,56,8
	0,57,6
	0,58,6
	0,57,6
	0,57,8
	0,57,8
	0,56,8
	0,57,6
	0,57,5
	0,48,9
	0,53,8
	0,53,8
	0,50,12
	0,50,10
	0,50,11
	0,48,9
	0,49,12
	0,53,11
	0,54,10
	0,49,12
net37	The number of pins: 45
	0,48,14
	0,42,14
	0,45,14
	0,42,14
	0,55,15
	0,42,14
	0,48,14
	0,58,17
	0,58,18
	0,59,17
	0,50,17
	0,60,16
	0,59,16
	0,59,17
	0,60,17
	0,57,18
	0,60,17
	0,60,17
	0,60,17
	0,59,17
	0,59,18
	0,59,17
	0,59,16
	0,57,17
	0,60,15
	0,50,17
	0,54,18
	0,52,18
	0,50,17
	0,53,32
	0,54,35
	0,50,33
	0,53,34
	0,55,39
	0,55,39
	0,54,35
	0,51,31
	0,53,44
	0,57,42
	0,55,44
	0,50,44
	0,51,44
	0,54,39
	0,54,39
	0,50,45
net38	The number of pins: 45
	0,62,38
	0,63,39
	0,61,35
	0,64,39
	0,64,39
	0,64,38
	0,64,40
	0,64,39
	0,63,37
	0,64,39
	0,63,38
	0,63,39
	0,63,39
	0,64,37
	0,63,38
	0,64,36
	0,62,38
	0,63,39
	0,64,38
	0,63,36
	0,57,35
	0,55,35
	0,58,38
	0,56,35
	0,57,35
	0,60,42
	0,62,39
	0,61,42
	0,60,39
	0,59,38
	0,52,43
	0,61,41
	0,60,41
	0,55,44
	0,57,42
	0,53,44
	0,55,44
	0,54,42
	0,52,44
	0,61,41
	0,52,43
	0,54,44
	0,53,44
	0,53,45
	0,52,45
net39	The number of pins: 44
	0,42,23
	0,26,21
	0,49,21
	0,44,18
	0,49,18
	0,44,21
	0,17,21
	0,48,21
	0,47,21
	0,47,23
	0,43,23
	0,49,21
	0,49,21
	0,46,18
	0,46,21
	0,48,22
	0,47,21
	0,46,23
	0,48,22
	0,47,21
	0,48,21
	0,46,21
	0,48,22
	0,48,23
	0,49,20
	0,46,21
	0,47,23
	0,46,21
	0,49,23
	0,46,18
	0,45,21
	0,44,21
	0,48,23
	0,49,21
	0,44,18
	0,49,23
	0,14,36
	0,14,36
	0,17,35
	0,17,28
	0,14,38
	0,49,37
	0,21,38
	0,15,38
net40	The number of pins: 44
	0,2,62
	0,9,44
	0,3,62
	0,8,42
	0,11,45
	0,5,63
	0,3,63
	0,3,61
	0,9,46
	0,1,59
	0,2,56
	0,2,63
	0,8,48
	0,2,65
	0,5,62
	0,3,60
	0,2,60
	0,10,45
	0,2,59
	0,2,59
	0,12,52
	0,8,45
	0,7,45
	0,5,53
	0,3,64
	0,5,64
	0,3,63
	0,5,63
	0,12,56
	0,12,53
	0,3,65
	0,1,59
	0,2,63
	0,1,60
	0,2,62
	0,1,58
	0,4,62
	0,3,56
	0,4,61
	0,3,65
	0,4,60
	0,2,64
	0,5,55
	0,8,53
net41	The number of pins: 44
	0,55,42
	0,58,42
	0,58,42
	0,59,42
	0,61,44
	0,60,44
	0,59,44
	0,62,44
	0,61,45
	0,60,47
	0,58,47
	0,52,45
	0,59,44
	0,57,48
	0,57,48
	0,52,48
	0,49,47
	0,53,49
	0,52,48
	0,49,44
	0,57,48
	0,50,48
	0,55,49
	0,53,50
	0,56,46
	0,50,48
	0,49,47
	0,58,50
	0,55,46
	0,52,48
	0,57,49
	0,50,50
	0,52,49
	0,50,48
	0,61,46
	0,59,45
	0,58,50
	0,53,48
	0,49,49
	0,61,45
	0,59,50
	0,59,50
	0,55,48
	0,58,47
net42	The number of pins: 44
	0,41,2
	0,41,1
	0,38,2
	0,40,1
	0,39,0
	0,39,0
	0,37,1
	0,39,0
	0,38,1
	0,40,0
	0,38,0
	0,39,2
	0,39,2
	0,40,2
	0,40,2
	0,38,1
	0,40,1
	0,40,2
	0,39,0
	0,41,0
	0,39,2
	0,39,2
	0,40,3
	0,39,1
	0,41,2
	0,40,2
	0,39,0
	0,40,0
	0,39,1
	0,41,0
	0,40,3
	0,41,0
	0,40,0
	0,41,3
	0,40,16
	0,40,11
	0,40,12
	0,33,18
	0,39,18
	0,40,18
	0,32,19
	0,40,15
	0,40,15
	0,40,17
net43	The number of pins: 44
	0,49,2
	0,50,1
	0,51,1
	0,51,3
	0,52,2
	0,52,1
	0,50,2
	0,52,0
	0,51,0
	0,52,2
	0,52,0
	0,50,0
	0,53,0
	0,51,2
	0,50,3
	0,51,3
	0,51,0
	0,50,2
	0,53,0
	0,51,0
	0,51,0
	0,51,2
	0,50,2
	0,53,1
	0,52,1
	0,50,0
	0,50,1
	0,46,6
	0,52,0
	0,51,2
	0,51,1
	0,52,2
	0,52,3
	0,51,2
	0,50,0
	0,50,2
	0,49,3
	0,46,9
	0,47,11
	0,49,6
	0,46,10
	0,50,9
	0,52,11
	0,52,11
net44	The number of pins: 43
	0,26,12
	0,26,12
	0,26,11
	0,40,13
	0,29,11
	0,41,14
	0,41,13
	0,39,13
	0,41,13
	0,40,13
	0,43,14
	0,42,14
	0,43,14
	0,44,15
	0,44,17
	0,28,15
	0,44,18
	0,43,14
	0,41,14
	0,33,16
	0,30,15
	0,35,21
	0,28,20
	0,32,15
	0,25,23
	0,35,23
	0,35,26
	0,36,27
	0,38,32
	0,41,33
	0,39,31
	0,40,28
	0,36,30
	0,42,35
	0,44,38
	0,43,38
	0,42,33
	0,43,37
	0,38,39
	0,41,39
	0,43,39
	0,41,42
	0,43,44
net45	The number of pins: 43
	0,51,13
	0,48,15
	0,48,12
	0,48,13
	0,43,16
	0,55,16
	0,57,13
	0,34,18
	0,61,13
	0,63,14
	0,62,13
	0,60,12
	0,60,13
	0,55,15
	0,60,14
	0,60,13
	0,61,15
	0,62,14
	0,61,14
	0,62,15
	0,62,14
	0,60,14
	0,63,14
	0,63,15
	0,61,15
	0,61,14
	0,59,14
	0,61,13
	0,54,18
	0,61,14
	0,63,14
	0,60,15
	0,60,14
	0,62,15
	0,63,14
	0,61,14
	0,60,14
	0,63,13
	0,59,14
	0,57,14
	0,57,14
	0,27,24
	0,27,26
net46	The number of pins: 41
	0,12,43
	0,13,45
	0,12,46
	0,13,44
	0,20,47
	0,14,43
	0,19,44
	0,15,44
	0,17,47
	0,16,45
	0,20,47
	0,32,46
	0,32,50
	0,34,51
	0,29,50
	0,30,50
	0,21,51
	0,21,53
	0,24,49
	0,23,50
	0,23,54
	0,21,50
	0,25,50
	0,19,61
	0,18,63
	0,18,65
	0,19,63
	0,17,65
	0,19,63
	0,19,63
	0,18,63
	0,19,60
	0,18,64
	0,18,64
	0,18,65
	0,19,64
	0,18,62
	0,19,64
	0,19,62
	0,19,62
	0,18,63
net47	The number of pins: 41
	0,48,50
	0,47,54
	0,45,54
	0,34,52
	0,39,52
	0,33,54
	0,35,54
	0,37,54
	0,36,54
	0,32,54
	0,32,55
	0,58,53
	0,60,61
	0,58,60
	0,57,65
	0,59,62
	0,60,65
	0,57,65
	0,61,62
	0,59,65
	0,57,66
	0,58,64
	0,61,60
	0,60,63
	0,59,62
	0,62,61
	0,61,63
	0,59,63
	0,58,60
	0,59,66
	0,58,65
	0,58,66
	0,59,61
	0,61,62
	0,59,64
	0,58,62
	0,59,66
	0,57,60
	0,59,63
	0,58,59
	0,59,60
net48	The number of pins: 40
	0,61,43
	0,57,43
	0,57,40
	0,59,42
	0,59,41
	0,58,42
	0,60,42
	0,60,43
	0,59,41
	0,62,46
	0,63,46
	0,64,47
	0,64,46
	0,64,42
	0,51,46
	0,53,45
	0,64,45
	0,64,43
	0,64,46
	0,58,46
	0,53,45
	0,64,45
	0,63,42
	0,64,47
	0,64,47
	0,52,47
	0,52,46
	0,64,44
	0,63,43
	0,64,47
	0,63,42
	0,64,42
	0,63,42
	0,53,44
	0,52,47
	0,51,47
	0,60,42
	0,61,44
	0,57,46
	0,51,46
net49	The number of pins: 39
	0,14,10
	0,11,13
	0,15,10
	0,9,14
	0,9,13
	0,10,11
	0,11,9
	0,11,8
	0,11,11
	0,11,11
	0,11,12
	0,14,6
	0,14,8
	0,13,9
	0,11,10
	0,15,9
	0,11,9
	0,12,10
	0,14,8
	0,13,9
	0,12,6
	0,13,11
	0,10,12
	0,9,12
	0,15,9
	0,12,12
	0,12,8
	0,12,7
	0,14,7
	0,36,12
	0,16,22
	0,16,23
	0,13,22
	0,16,24
	0,13,26
	0,39,24
	0,31,29
	0,29,29
	0,39,25
net50	The number of pins: 37
	0,3,47
	0,10,56
	0,15,58
	0,6,46
	0,4,47
	0,7,54
	0,17,57
	0,3,49
	0,3,47
	0,3,48
	0,5,53
	0,16,58
	0,3,53
	0,5,55
	0,6,59
	0,5,59
	0,4,60
	0,5,58
	0,4,59
	0,3,60
	0,4,58
	0,4,59
	0,5,59
	0,3,59
	0,3,59
	0,5,59
	0,4,57
	0,4,59
	0,4,59
	0,4,60
	0,18,59
	0,4,58
	0,5,59
	0,18,58
	0,5,58
	0,5,57
	0,4,57
net51	The number of pins: 37
	0,54,49
	0,51,50
	0,54,49
	0,54,48
	0,51,52
	0,51,49
	0,50,54
	0,50,54
	0,49,56
	0,54,54
	0,50,55
	0,54,55
	0,51,54
	0,49,55
	0,55,56
	0,54,59
	0,56,59
	0,55,58
	0,55,59
	0,53,59
	0,55,59
	0,55,57
	0,56,57
	0,56,60
	0,54,57
	0,56,59
	0,53,59
	0,53,58
	0,55,59
	0,54,58
	0,54,59
	0,53,58
	0,54,58
	0,56,58
	0,56,57
	0,55,57
	0,55,60
net52	The number of pins: 36
	0,26,38
	0,19,37
	0,19,38
	0,19,41
	0,19,41
	0,22,38
	0,18,37
	0,17,38
	0,18,40
	0,18,41
	0,17,42
	0,20,59
	0,18,59
	0,18,61
	0,18,62
	0,18,62
	0,15,59
	0,19,62
	0,18,59
	0,18,61
	0,19,60
	0,18,60
	0,19,60
	0,17,61
	0,18,60
	0,17,60
	0,19,61
	0,26,41
	0,17,60
	0,28,44
	0,18,60
	0,25,44
	0,27,45
	0,24,47
	0,24,43
	0,27,45
net53	The number of pins: 35
	0,52,50
	0,51,48
	0,52,48
	0,50,50
	0,49,56
	0,50,50
	0,52,50
	0,53,56
	0,47,60
	0,49,56
	0,49,56
	0,49,55
	0,47,56
	0,47,57
	0,47,58
	0,48,56
	0,51,47
	0,51,54
	0,49,54
	0,53,56
	0,50,58
	0,49,57
	0,51,62
	0,51,63
	0,51,62
	0,52,63
	0,52,63
	0,52,63
	0,51,63
	0,50,63
	0,52,62
	0,51,63
	0,51,61
	0,50,59
	0,51,63
net54	The number of pins: 34
	0,23,65
	0,25,66
	0,26,66
	0,27,65
	0,26,64
	0,23,65
	0,25,66
	0,25,66
	0,23,65
	0,26,66
	0,23,66
	0,23,66
	0,26,66
	0,24,66
	0,27,66
	0,24,65
	0,26,65
	0,24,66
	0,25,65
	0,23,66
	0,26,65
	0,26,66
	0,26,65
	0,27,65
	0,24,65
	0,27,66
	0,24,65
	0,25,65
	0,24,64
	0,25,64
	0,25,66
	0,24,66
	0,24,65
	0,26,65
net55	The number of pins: 33
	0,16,29
	0,60,56
	0,56,56
	0,59,57
	0,60,56
	0,59,56
	0,58,55
	0,58,56
	0,58,56
	0,58,56
	0,59,56
	0,60,56
	0,57,56
	0,60,57
	0,58,55
	0,59,56
	0,59,57
	0,58,53
	0,57,56
	0,49,37
	0,19,41
	0,17,41
	0,58,38
	0,27,39
	0,29,42
	0,14,42
	0,17,30
	0,15,50
	0,54,56
	0,19,58
	0,16,57
	0,14,56
	0,14,53
net56	The number of pins: 33
	0,17,15
	0,18,13
	0,18,12
	0,18,12
	0,33,18
	0,17,14
	0,17,15
	0,21,12
	0,19,12
	0,17,13
	0,18,20
	0,16,18
	0,16,15
	0,17,13
	0,18,18
	0,17,18
	0,20,13
	0,13,19
	0,37,12
	0,18,14
	0,18,13
	0,37,16
	0,33,21
	0,28,22
	0,34,21
	0,32,23
	0,30,24
	0,34,23
	0,19,23
	0,32,30
	0,38,38
	0,12,49
	0,13,49
net57	The number of pins: 33
	0,48,27
	0,17,33
	0,15,35
	0,2,37
	0,14,36
	0,2,38
	0,1,37
	0,17,28
	0,17,28
	0,2,36
	0,3,39
	0,1,38
	0,3,37
	0,0,36
	0,0,36
	0,3,37
	0,2,37
	0,1,38
	0,1,36
	0,1,37
	0,1,36
	0,1,36
	0,1,36
	0,15,38
	0,3,47
	0,15,43
	0,48,49
	0,16,47
	0,9,51
	0,4,47
	0,13,52
	0,9,50
	0,15,50
net58	The number of pins: 33
	0,12,36
	0,12,37
	0,18,37
	0,48,39
	0,48,51
	0,21,47
	0,21,43
	0,21,44
	0,16,46
	0,14,53
	0,13,50
	0,10,50
	0,14,63
	0,13,62
	0,18,59
	0,13,62
	0,14,62
	0,14,62
	0,16,57
	0,14,64
	0,17,59
	0,14,62
	0,13,64
	0,14,63
	0,13,63
	0,14,62
	0,14,63
	0,13,63
	0,13,63
	0,12,63
	0,13,64
	0,17,62
	0,12,63
net59	The number of pins: 33
	0,59,18
	0,58,19
	0,60,19
	0,41,18
	0,60,17
	0,60,19
	0,61,19
	0,61,18
	0,60,20
	0,55,22
	0,61,18
	0,61,19
	0,61,18
	0,60,20
	0,61,21
	0,39,18
	0,59,19
	0,59,19
	0,39,17
	0,61,17
	0,61,20
	0,58,20
	0,58,23
	0,39,23
	0,26,23
	0,48,21
	0,27,25
	0,58,26
	0,26,33
	0,26,38
	0,26,47
	0,26,48
	0,27,38
net60	The number of pins: 33
	0,19,33
	0,12,35
	0,2,53
	0,3,52
	0,3,51
	0,3,53
	0,4,51
	0,3,51
	0,2,53
	0,2,50
	0,11,35
	0,2,53
	0,2,53
	0,3,53
	0,2,52
	0,4,52
	0,13,38
	0,2,51
	0,3,52
	0,3,51
	0,47,39
	0,3,53
	0,27,40
	0,20,39
	0,16,45
	0,49,46
	0,48,47
	0,3,53
	0,13,47
	0,7,50
	0,7,52
	0,12,52
	0,8,51
net61	The number of pins: 33
	0,28,18
	0,16,20
	0,27,25
	0,15,20
	0,28,22
	0,21,17
	0,23,17
	0,28,24
	0,6,42
	0,14,44
	0,14,53
	0,13,56
	0,11,48
	0,13,47
	0,14,53
	0,16,54
	0,17,50
	0,13,48
	0,14,52
	0,19,53
	0,18,54
	0,13,52
	0,13,50
	0,17,52
	0,18,54
	0,16,56
	0,25,54
	0,26,53
	0,23,54
	0,13,54
	0,26,53
	0,21,55
	0,13,56
net62	The number of pins: 33
	0,43,3
	0,44,3
	0,43,2
	0,45,2
	0,45,3
	0,46,3
	0,44,2
	0,45,5
	0,45,2
	0,45,2
	0,44,3
	0,27,2
	0,45,3
	0,44,2
	0,44,4
	0,46,4
	0,44,5
	0,43,3
	0,44,2
	0,44,3
	0,45,2
	0,45,4
	0,44,5
	0,45,4
	0,46,3
	0,45,3
	0,45,23
	0,40,3
	0,27,23
	0,42,23
	0,51,23
	0,49,22
	0,27,25
net63	The number of pins: 33
	0,58,39
	0,21,42
	0,21,43
	0,57,46
	0,38,46
	0,58,49
	0,38,50
	0,38,51
	0,57,49
	0,21,53
	0,56,49
	0,27,51
	0,29,51
	0,55,55
	0,57,55
	0,57,53
	0,54,53
	0,54,55
	0,29,53
	0,56,56
	0,58,56
	0,57,54
	0,54,54
	0,57,54
	0,57,56
	0,56,54
	0,57,52
	0,49,54
	0,38,54
	0,37,53
	0,56,54
	0,56,54
	0,57,53
net64	The number of pins: 33
	0,51,12
	0,51,13
	0,52,11
	0,50,13
	0,50,12
	0,50,12
	0,52,13
	0,53,14
	0,53,12
	0,53,15
	0,42,15
	0,40,15
	0,53,11
	0,50,13
	0,39,15
	0,50,11
	0,53,13
	0,50,12
	0,44,15
	0,26,15
	0,24,15
	0,49,13
	0,28,15
	0,24,16
	0,23,17
	0,53,14
	0,27,20
	0,48,15
	0,44,15
	0,47,15
	0,29,21
	0,20,23
	0,53,24
net65	The number of pins: 33
	0,50,41
	0,17,39
	0,23,40
	0,25,44
	0,24,44
	0,17,52
	0,49,44
	0,18,53
	0,21,51
	0,48,51
	0,49,56
	0,48,57
	0,47,56
	0,20,55
	0,50,56
	0,49,54
	0,19,59
	0,48,60
	0,48,62
	0,47,62
	0,47,60
	0,48,61
	0,47,60
	0,47,61
	0,47,62
	0,46,62
	0,47,60
	0,48,62
	0,47,61
	0,49,61
	0,48,60
	0,47,59
	0,48,61
net66	The number of pins: 33
	0,19,31
	0,20,33
	0,26,37
	0,31,36
	0,35,33
	0,37,36
	0,37,37
	0,27,37
	0,18,54
	0,36,55
	0,28,54
	0,28,52
	0,22,56
	0,23,55
	0,29,56
	0,33,55
	0,25,57
	0,21,58
	0,33,56
	0,29,57
	0,21,58
	0,32,56
	0,33,57
	0,22,57
	0,24,57
	0,21,57
	0,21,57
	0,34,56
	0,32,57
	0,33,57
	0,33,56
	0,31,56
	0,29,57
net67	The number of pins: 33
	0,44,15
	0,45,9
	0,45,9
	0,43,10
	0,44,9
	0,46,9
	0,45,9
	0,44,9
	0,44,10
	0,46,9
	0,47,9
	0,47,8
	0,47,9
	0,46,11
	0,45,10
	0,46,8
	0,46,11
	0,46,12
	0,45,10
	0,45,11
	0,45,8
	0,46,23
	0,40,16
	0,44,10
	0,46,9
	0,41,15
	0,40,15
	0,19,15
	0,44,18
	0,15,24
	0,17,25
	0,49,22
	0,49,25
net68	The number of pins: 33
	0,32,30
	0,22,29
	0,20,33
	0,18,29
	0,38,32
	0,34,36
	0,33,38
	0,23,49
	0,23,44
	0,32,43
	0,36,31
	0,19,45
	0,23,44
	0,23,47
	0,30,54
	0,33,31
	0,25,57
	0,37,56
	0,35,55
	0,21,57
	0,22,57
	0,26,56
	0,37,31
	0,38,56
	0,23,57
	0,35,56
	0,33,56
	0,36,31
	0,34,57
	0,29,56
	0,28,56
	0,19,57
	0,27,56
net69	The number of pins: 33
	0,50,18
	0,51,15
	0,49,13
	0,42,12
	0,50,21
	0,51,16
	0,52,15
	0,52,14
	0,51,14
	0,50,14
	0,51,15
	0,39,15
	0,51,14
	0,51,11
	0,51,14
	0,52,15
	0,52,11
	0,51,14
	0,52,14
	0,53,15
	0,52,16
	0,46,11
	0,51,11
	0,47,11
	0,18,22
	0,40,16
	0,20,15
	0,49,18
	0,18,25
	0,50,18
	0,50,20
	0,15,29
	0,50,30
net70	The number of pins: 33
	0,46,15
	0,46,15
	0,48,18
	0,48,18
	0,41,16
	0,46,15
	0,43,18
	0,45,15
	0,45,15
	0,48,17
	0,44,18
	0,46,18
	0,45,18
	0,46,16
	0,44,18
	0,40,18
	0,47,22
	0,45,15
	0,45,18
	0,45,16
	0,46,15
	0,45,18
	0,46,17
	0,41,17
	0,40,21
	0,23,22
	0,28,22
	0,46,21
	0,36,17
	0,49,18
	0,49,18
	0,34,21
	0,22,23
net71	The number of pins: 33
	0,54,30
	0,30,27
	0,30,28
	0,33,27
	0,34,28
	0,45,32
	0,32,28
	0,48,32
	0,46,33
	0,50,33
	0,55,44
	0,54,47
	0,55,48
	0,54,33
	0,55,46
	0,29,48
	0,54,32
	0,54,48
	0,54,47
	0,45,49
	0,52,32
	0,53,32
	0,54,32
	0,55,48
	0,51,50
	0,47,50
	0,51,32
	0,52,32
	0,53,32
	0,54,31
	0,53,33
	0,49,33
	0,53,32
net72	The number of pins: 33
	0,12,23
	0,12,21
	0,17,15
	0,16,12
	0,14,15
	0,16,15
	0,17,13
	0,11,20
	0,12,20
	0,17,12
	0,14,15
	0,16,14
	0,16,13
	0,16,15
	0,15,12
	0,16,14
	0,14,13
	0,15,15
	0,15,15
	0,15,16
	0,15,13
	0,15,14
	0,13,25
	0,21,23
	0,24,23
	0,24,23
	0,22,26
	0,14,22
	0,15,25
	0,23,21
	0,21,25
	0,27,30
	0,24,40
net73	The number of pins: 33
	0,38,33
	0,39,33
	0,32,30
	0,24,31
	0,23,39
	0,43,33
	0,43,39
	0,45,33
	0,23,36
	0,41,38
	0,46,28
	0,47,30
	0,45,30
	0,41,38
	0,33,33
	0,46,29
	0,46,30
	0,46,30
	0,46,29
	0,47,28
	0,46,27
	0,39,39
	0,46,31
	0,46,30
	0,45,28
	0,48,30
	0,47,29
	0,47,29
	0,47,31
	0,47,30
	0,46,31
	0,45,28
	0,44,29
net74	The number of pins: 33
	0,4,19
	0,5,17
	0,5,16
	0,4,16
	0,3,17
	0,4,16
	0,2,17
	0,3,16
	0,4,15
	0,4,15
	0,38,16
	0,3,20
	0,4,15
	0,4,17
	0,6,16
	0,5,18
	0,5,17
	0,3,17
	0,4,20
	0,4,19
	0,4,18
	0,4,18
	0,4,19
	0,5,18
	0,26,22
	0,4,26
	0,5,27
	0,5,26
	0,3,26
	0,5,30
	0,40,27
	0,25,30
	0,10,31
net75	The number of pins: 33
	0,50,37
	0,24,46
	0,24,43
	0,21,46
	0,25,45
	0,50,48
	0,21,50
	0,24,53
	0,47,53
	0,26,53
	0,50,55
	0,48,56
	0,48,58
	0,26,54
	0,49,53
	0,48,53
	0,27,56
	0,30,57
	0,45,63
	0,45,64
	0,46,63
	0,45,63
	0,46,64
	0,46,63
	0,46,65
	0,45,63
	0,46,65
	0,46,64
	0,46,63
	0,46,63
	0,47,62
	0,42,58
	0,45,64
net76	The number of pins: 33
	0,34,30
	0,24,30
	0,39,30
	0,35,41
	0,43,36
	0,22,42
	0,30,41
	0,43,32
	0,44,25
	0,28,41
	0,42,27
	0,44,25
	0,43,27
	0,43,27
	0,47,30
	0,45,31
	0,46,25
	0,46,29
	0,47,27
	0,47,25
	0,44,26
	0,46,27
	0,45,26
	0,45,27
	0,44,27
	0,46,25
	0,47,27
	0,46,27
	0,46,29
	0,46,25
	0,47,28
	0,46,27
	0,44,27
net77	The number of pins: 33
	0,14,30
	0,29,30
	0,22,35
	0,22,33
	0,17,36
	0,12,36
	0,6,36
	0,5,39
	0,28,40
	0,4,42
	0,15,46
	0,15,50
	0,8,50
	0,8,52
	0,12,53
	0,5,42
	0,6,36
	0,5,46
	0,7,47
	0,5,37
	0,9,37
	0,5,37
	0,7,37
	0,4,47
	0,6,46
	0,4,36
	0,8,36
	0,5,37
	0,28,47
	0,10,37
	0,6,37
	0,8,37
	0,11,37
net78	The number of pins: 33
	0,35,30
	0,25,30
	0,45,34
	0,42,37
	0,42,40
	0,24,39
	0,40,39
	0,44,36
	0,46,50
	0,46,47
	0,46,48
	0,46,48
	0,21,48
	0,43,51
	0,45,50
	0,46,46
	0,47,43
	0,21,42
	0,43,51
	0,45,48
	0,46,50
	0,41,50
	0,41,31
	0,45,48
	0,47,46
	0,36,48
	0,41,52
	0,43,49
	0,35,49
	0,24,50
	0,42,50
	0,42,40
	0,40,48
net79	The number of pins: 33
	0,34,24
	0,6,24
	0,5,31
	0,5,24
	0,6,24
	0,5,31
	0,4,32
	0,4,24
	0,4,32
	0,5,27
	0,5,24
	0,3,28
	0,6,27
	0,5,25
	0,3,27
	0,4,29
	0,4,30
	0,35,24
	0,3,28
	0,3,27
	0,3,28
	0,4,27
	0,4,28
	0,4,28
	0,27,27
	0,4,28
	0,4,27
	0,4,30
	0,4,30
	0,3,30
	0,19,27
	0,29,32
	0,19,31
net80	The number of pins: 33
	0,18,16
	0,9,16
	0,9,15
	0,19,21
	0,6,21
	0,6,17
	0,9,17
	0,7,21
	0,5,17
	0,6,16
	0,6,18
	0,8,17
	0,5,18
	0,5,16
	0,9,16
	0,7,17
	0,8,17
	0,7,17
	0,6,15
	0,6,17
	0,5,27
	0,6,18
	0,6,27
	0,5,28
	0,7,27
	0,6,27
	0,5,28
	0,5,27
	0,6,28
	0,5,28
	0,19,28
	0,21,30
	0,21,34
net81	The number of pins: 33
	0,30,26
	0,37,25
	0,38,31
	0,30,33
	0,42,31
	0,38,32
	0,36,32
	0,44,26
	0,45,24
	0,45,25
	0,45,25
	0,36,33
	0,30,30
	0,43,28
	0,46,24
	0,44,26
	0,36,31
	0,46,25
	0,44,29
	0,46,25
	0,45,28
	0,44,27
	0,45,27
	0,42,28
	0,45,29
	0,46,26
	0,45,28
	0,44,28
	0,45,27
	0,45,29
	0,45,26
	0,45,30
	0,46,26
net82	The number of pins: 33
	0,54,36
	0,29,41
	0,29,41
	0,51,46
	0,31,45
	0,36,48
	0,52,46
	0,53,50
	0,35,50
	0,53,50
	0,37,50
	0,31,51
	0,31,52
	0,51,49
	0,51,56
	0,52,54
	0,54,50
	0,32,54
	0,53,53
	0,50,54
	0,36,53
	0,50,53
	0,50,54
	0,52,56
	0,52,54
	0,51,54
	0,50,53
	0,53,54
	0,50,57
	0,50,56
	0,51,56
	0,50,55
	0,51,54
net83	The number of pins: 33
	0,31,30
	0,27,30
	0,22,35
	0,23,35
	0,31,36
	0,34,33
	0,23,38
	0,26,40
	0,23,48
	0,29,46
	0,22,49
	0,21,57
	0,23,57
	0,30,30
	0,26,46
	0,28,57
	0,26,56
	0,31,56
	0,21,56
	0,23,57
	0,28,57
	0,24,57
	0,27,57
	0,25,57
	0,21,58
	0,26,57
	0,26,57
	0,21,58
	0,22,58
	0,23,58
	0,23,57
	0,20,57
	0,21,57
net84	The number of pins: 33
	0,11,37
	0,7,34
	0,18,35
	0,20,34
	0,5,42
	0,7,39
	0,8,36
	0,6,40
	0,7,38
	0,18,39
	0,8,38
	0,6,39
	0,7,39
	0,6,40
	0,9,37
	0,6,40
	0,19,41
	0,25,42
	0,14,45
	0,14,47
	0,13,54
	0,5,44
	0,6,49
	0,5,50
	0,8,50
	0,6,54
	0,7,54
	0,5,51
	0,6,48
	0,6,51
	0,28,51
	0,29,52
	0,21,42
net85	The number of pins: 33
	0,30,34
	0,29,36
	0,33,34
	0,51,34
	0,29,35
	0,35,33
	0,52,43
	0,52,47
	0,51,47
	0,51,51
	0,54,51
	0,55,51
	0,55,51
	0,51,48
	0,56,50
	0,54,53
	0,50,51
	0,52,50
	0,52,50
	0,52,51
	0,54,52
	0,54,51
	0,50,51
	0,49,50
	0,49,50
	0,54,50
	0,55,50
	0,55,50
	0,44,49
	0,55,50
	0,55,53
	0,35,48
	0,35,49
net86	The number of pins: 33
	0,20,33
	0,18,38
	0,3,40
	0,34,38
	0,32,39
	0,26,38
	0,23,38
	0,12,43
	0,15,45
	0,11,49
	0,8,49
	0,8,50
	0,6,48
	0,5,41
	0,5,42
	0,3,42
	0,5,49
	0,28,48
	0,22,49
	0,25,49
	0,4,42
	0,5,47
	0,4,43
	0,3,48
	0,4,44
	0,5,47
	0,5,46
	0,5,49
	0,6,47
	0,5,48
	0,4,48
	0,4,48
	0,5,46
net87	The number of pins: 33
	0,24,39
	0,21,39
	0,21,40
	0,38,46
	0,39,49
	0,38,49
	0,21,45
	0,20,45
	0,23,53
	0,30,51
	0,26,52
	0,29,53
	0,39,53
	0,39,55
	0,36,56
	0,24,57
	0,25,57
	0,39,39
	0,37,58
	0,35,58
	0,37,57
	0,33,58
	0,31,58
	0,33,58
	0,35,58
	0,37,58
	0,31,58
	0,32,58
	0,32,58
	0,35,58
	0,36,57
	0,35,57
	0,37,57
net88	The number of pins: 33
	0,53,39
	0,32,39
	0,33,41
	0,53,44
	0,32,46
	0,40,50
	0,53,45
	0,53,46
	0,51,53
	0,41,51
	0,38,48
	0,53,49
	0,52,49
	0,54,55
	0,32,51
	0,52,51
	0,53,54
	0,52,54
	0,37,53
	0,33,54
	0,33,53
	0,53,56
	0,51,52
	0,52,55
	0,52,53
	0,51,56
	0,52,55
	0,53,54
	0,51,53
	0,53,55
	0,51,55
	0,52,53
	0,52,56
net89	The number of pins: 33
	0,49,44
	0,21,45
	0,23,47
	0,21,47
	0,49,47
	0,26,47
	0,32,47
	0,22,54
	0,22,54
	0,48,51
	0,49,56
	0,48,56
	0,20,55
	0,47,57
	0,47,56
	0,23,55
	0,22,57
	0,47,53
	0,44,59
	0,44,59
	0,25,55
	0,43,59
	0,44,58
	0,44,60
	0,44,59
	0,44,59
	0,43,59
	0,43,59
	0,43,58
	0,45,59
	0,45,59
	0,45,58
	0,43,60
net90	The number of pins: 33
	0,27,31
	0,26,31
	0,25,31
	0,25,31
	0,33,35
	0,34,37
	0,35,41
	0,34,38
	0,35,42
	0,31,53
	0,33,57
	0,28,57
	0,28,57
	0,33,33
	0,35,57
	0,34,57
	0,34,58
	0,30,56
	0,28,56
	0,34,57
	0,33,57
	0,34,58
	0,33,36
	0,31,53
	0,31,56
	0,32,56
	0,32,56
	0,33,57
	0,32,57
	0,33,57
	0,33,56
	0,31,56
	0,29,57
net91	The number of pins: 33
	0,29,31
	0,25,34
	0,25,41
	0,25,40
	0,25,49
	0,37,47
	0,37,48
	0,37,49
	0,33,52
	0,33,53
	0,26,54
	0,37,55
	0,36,57
	0,33,33
	0,32,56
	0,35,57
	0,37,57
	0,37,57
	0,36,58
	0,35,58
	0,36,58
	0,33,56
	0,32,60
	0,33,59
	0,34,59
	0,34,56
	0,34,59
	0,36,57
	0,35,59
	0,31,60
	0,32,59
	0,33,60
	0,32,59
net92	The number of pins: 33
	0,22,28
	0,21,33
	0,18,36
	0,12,36
	0,22,37
	0,22,44
	0,20,44
	0,15,46
	0,15,50
	0,8,50
	0,12,53
	0,7,46
	0,7,36
	0,5,48
	0,24,50
	0,24,52
	0,9,37
	0,4,42
	0,5,48
	0,24,49
	0,6,47
	0,4,44
	0,4,47
	0,5,52
	0,7,47
	0,6,38
	0,6,39
	0,8,36
	0,5,38
	0,10,37
	0,6,37
	0,8,37
	0,11,37
net93	The number of pins: 33
	0,50,44
	0,23,45
	0,27,45
	0,22,46
	0,28,46
	0,23,50
	0,26,51
	0,49,53
	0,26,53
	0,49,55
	0,46,57
	0,46,56
	0,25,55
	0,47,54
	0,48,55
	0,31,56
	0,40,65
	0,39,64
	0,40,63
	0,40,63
	0,40,64
	0,40,65
	0,40,65
	0,38,63
	0,40,65
	0,39,65
	0,39,65
	0,39,64
	0,39,65
	0,40,64
	0,40,63
	0,40,60
	0,39,63
net94	The number of pins: 33
	0,38,26
	0,37,26
	0,54,32
	0,55,30
	0,55,30
	0,57,28
	0,56,29
	0,58,28
	0,56,28
	0,38,31
	0,55,28
	0,56,27
	0,57,29
	0,56,28
	0,57,26
	0,52,32
	0,41,33
	0,54,33
	0,55,35
	0,54,33
	0,55,31
	0,48,29
	0,44,29
	0,45,32
	0,57,43
	0,55,42
	0,55,43
	0,55,41
	0,55,42
	0,55,40
	0,55,43
	0,57,41
	0,56,43
net95	The number of pins: 33
	0,40,17
	0,57,17
	0,39,17
	0,57,17
	0,55,18
	0,40,21
	0,54,18
	0,55,17
	0,56,16
	0,57,23
	0,57,18
	0,56,15
	0,54,17
	0,56,15
	0,55,18
	0,55,14
	0,56,14
	0,56,18
	0,56,18
	0,56,17
	0,55,18
	0,56,18
	0,57,18
	0,56,15
	0,56,14
	0,57,18
	0,57,17
	0,56,19
	0,53,18
	0,57,17
	0,39,22
	0,56,21
	0,39,25
net96	The number of pins: 33
	0,35,36
	0,35,34
	0,33,36
	0,59,36
	0,34,35
	0,35,35
	0,34,36
	0,59,38
	0,52,39
	0,59,45
	0,64,51
	0,63,51
	0,64,51
	0,64,51
	0,62,51
	0,63,51
	0,64,51
	0,62,46
	0,62,50
	0,60,47
	0,63,51
	0,64,50
	0,63,47
	0,58,45
	0,60,46
	0,58,47
	0,57,45
	0,54,45
	0,53,48
	0,46,49
	0,63,46
	0,63,45
	0,52,50
net97	The number of pins: 33
	0,16,36
	0,30,36
	0,29,38
	0,27,38
	0,21,38
	0,15,41
	0,17,49
	0,15,44
	0,18,58
	0,17,53
	0,14,65
	0,16,65
	0,14,66
	0,16,58
	0,16,66
	0,16,65
	0,16,66
	0,16,65
	0,16,66
	0,15,65
	0,15,66
	0,16,65
	0,15,65
	0,9,52
	0,9,53
	0,14,65
	0,16,66
	0,15,66
	0,15,66
	0,15,65
	0,18,54
	0,17,65
	0,14,65
net98	The number of pins: 33
	0,56,43
	0,32,45
	0,33,45
	0,36,47
	0,56,48
	0,55,49
	0,56,45
	0,34,51
	0,38,51
	0,37,51
	0,34,51
	0,34,53
	0,51,52
	0,54,54
	0,53,54
	0,36,54
	0,52,53
	0,35,53
	0,41,54
	0,53,57
	0,53,57
	0,54,57
	0,54,57
	0,53,50
	0,54,56
	0,54,57
	0,50,57
	0,53,56
	0,53,57
	0,53,56
	0,52,57
	0,54,56
	0,53,57
net99	The number of pins: 33
	0,11,23
	0,3,21
	0,3,22
	0,4,21
	0,3,21
	0,23,21
	0,5,21
	0,5,22
	0,4,21
	0,3,20
	0,3,21
	0,5,21
	0,6,22
	0,2,20
	0,4,22
	0,5,21
	0,6,22
	0,4,22
	0,6,22
	0,4,21
	0,7,22
	0,6,23
	0,5,22
	0,4,22
	0,5,23
	0,3,22
	0,3,22
	0,6,23
	0,7,23
	0,28,21
	0,11,26
	0,21,25
	0,26,37
net100	The number of pins: 33
	0,49,42
	0,22,42
	0,26,41
	0,27,41
	0,48,51
	0,26,44
	0,23,49
	0,23,52
	0,47,51
	0,47,60
	0,25,54
	0,46,57
	0,48,53
	0,26,55
	0,46,56
	0,47,54
	0,42,63
	0,34,56
	0,40,63
	0,42,62
	0,40,62
	0,42,62
	0,40,62
	0,41,63
	0,41,62
	0,42,63
	0,41,63
	0,41,63
	0,41,62
	0,41,63
	0,41,61
	0,41,60
	0,41,62
net101	The number of pins: 33
	0,62,39
	0,31,39
	0,35,40
	0,61,42
	0,46,43
	0,33,39
	0,31,40
	0,32,41
	0,57,48
	0,60,44
	0,61,44
	0,57,49
	0,58,48
	0,61,50
	0,30,48
	0,61,53
	0,60,52
	0,60,53
	0,58,53
	0,58,49
	0,56,50
	0,53,48
	0,46,52
	0,61,53
	0,61,45
	0,61,50
	0,62,53
	0,60,51
	0,58,53
	0,60,50
	0,50,50
	0,58,48
	0,46,52
net102	The number of pins: 33
	0,22,33
	0,19,34
	0,24,49
	0,27,41
	0,32,42
	0,32,42
	0,26,47
	0,27,49
	0,28,49
	0,18,54
	0,18,55
	0,26,56
	0,19,59
	0,20,59
	0,20,58
	0,24,58
	0,22,59
	0,21,59
	0,19,58
	0,21,58
	0,28,41
	0,20,58
	0,22,58
	0,21,59
	0,23,59
	0,28,54
	0,27,60
	0,23,60
	0,22,60
	0,28,60
	0,28,60
	0,29,58
	0,26,58
net103	The number of pins: 33
	0,27,24
	0,6,27
	0,7,27
	0,8,28
	0,10,32
	0,8,28
	0,7,30
	0,7,31
	0,8,29
	0,9,31
	0,8,28
	0,10,32
	0,10,27
	0,8,31
	0,9,32
	0,5,34
	0,10,29
	0,21,27
	0,6,33
	0,6,33
	0,5,35
	0,8,31
	0,24,28
	0,23,36
	0,27,33
	0,5,36
	0,25,34
	0,28,37
	0,22,38
	0,5,40
	0,24,48
	0,24,49
	0,23,48
net104	The number of pins: 33
	0,35,32
	0,32,33
	0,36,33
	0,37,32
	0,36,33
	0,49,37
	0,32,42
	0,32,43
	0,50,60
	0,50,61
	0,50,60
	0,50,60
	0,49,62
	0,51,57
	0,49,61
	0,49,62
	0,51,62
	0,50,62
	0,50,61
	0,50,62
	0,52,47
	0,50,62
	0,50,62
	0,50,48
	0,51,54
	0,49,51
	0,52,51
	0,51,56
	0,49,49
	0,48,56
	0,50,58
	0,33,49
	0,34,49
net105	The number of pins: 33
	0,28,34
	0,28,32
	0,38,37
	0,30,40
	0,30,43
	0,39,37
	0,32,43
	0,40,47
	0,40,48
	0,40,53
	0,28,51
	0,28,54
	0,28,53
	0,40,53
	0,39,57
	0,38,57
	0,28,54
	0,32,55
	0,28,52
	0,35,33
	0,40,57
	0,40,57
	0,39,57
	0,40,58
	0,38,57
	0,40,58
	0,40,57
	0,40,57
	0,39,58
	0,39,58
	0,38,57
	0,40,56
	0,38,57
net106	The number of pins: 33
	0,23,36
	0,21,35
	0,34,39
	0,33,38
	0,32,39
	0,30,40
	0,28,40
	0,21,49
	0,30,54
	0,34,55
	0,33,39
	0,24,57
	0,32,55
	0,33,55
	0,32,57
	0,31,57
	0,31,58
	0,31,57
	0,33,58
	0,32,57
	0,32,57
	0,28,56
	0,20,57
	0,32,58
	0,24,57
	0,29,55
	0,32,55
	0,31,56
	0,32,56
	0,27,56
	0,22,58
	0,22,58
	0,22,57
net107	The number of pins: 33
	0,44,8
	0,44,11
	0,45,8
	0,44,11
	0,44,9
	0,44,7
	0,45,7
	0,44,8
	0,44,7
	0,45,8
	0,48,11
	0,44,8
	0,44,8
	0,48,8
	0,49,9
	0,43,11
	0,39,12
	0,38,12
	0,47,9
	0,49,9
	0,38,17
	0,48,11
	0,30,21
	0,48,12
	0,26,22
	0,31,22
	0,30,23
	0,33,24
	0,35,22
	0,35,22
	0,31,24
	0,28,24
	0,38,21
net108	The number of pins: 33
	0,47,6
	0,46,6
	0,42,8
	0,43,4
	0,42,5
	0,42,5
	0,42,3
	0,43,4
	0,43,3
	0,43,5
	0,42,5
	0,42,4
	0,42,4
	0,44,21
	0,40,11
	0,43,3
	0,42,3
	0,43,5
	0,42,3
	0,42,5
	0,42,3
	0,41,3
	0,41,10
	0,41,4
	0,47,8
	0,41,15
	0,22,11
	0,43,15
	0,44,21
	0,19,21
	0,37,11
	0,35,21
	0,48,21
net109	The number of pins: 33
	0,5,25
	0,5,29
	0,5,26
	0,5,25
	0,7,27
	0,5,28
	0,30,25
	0,20,27
	0,3,31
	0,4,30
	0,29,27
	0,3,31
	0,3,30
	0,3,31
	0,3,30
	0,4,29
	0,5,30
	0,7,30
	0,9,30
	0,9,29
	0,9,29
	0,9,30
	0,9,31
	0,5,28
	0,9,30
	0,10,30
	0,8,31
	0,9,30
	0,8,30
	0,3,32
	0,7,29
	0,28,32
	0,29,32
net110	The number of pins: 33
	0,9,21
	0,11,15
	0,14,16
	0,10,19
	0,14,18
	0,16,18
	0,10,20
	0,9,21
	0,9,20
	0,11,16
	0,18,18
	0,18,18
	0,11,19
	0,13,17
	0,12,16
	0,9,19
	0,11,16
	0,11,16
	0,10,15
	0,9,18
	0,12,15
	0,10,16
	0,8,18
	0,9,18
	0,14,18
	0,13,16
	0,18,15
	0,9,23
	0,12,15
	0,19,24
	0,13,24
	0,33,25
	0,35,30
net111	The number of pins: 33
	0,3,28
	0,5,25
	0,3,27
	0,4,29
	0,4,30
	0,3,28
	0,4,27
	0,3,28
	0,5,25
	0,4,27
	0,4,28
	0,4,28
	0,5,28
	0,5,27
	0,4,29
	0,6,28
	0,5,29
	0,4,27
	0,5,30
	0,30,27
	0,5,27
	0,4,29
	0,4,30
	0,4,30
	0,3,30
	0,22,28
	0,4,28
	0,3,29
	0,3,29
	0,3,32
	0,22,26
	0,7,29
	0,25,32
net112	The number of pins: 33
	0,49,41
	0,29,42
	0,28,44
	0,30,43
	0,32,47
	0,49,47
	0,30,50
	0,28,51
	0,32,48
	0,49,51
	0,30,52
	0,47,58
	0,48,56
	0,30,54
	0,49,54
	0,48,54
	0,49,55
	0,29,54
	0,45,60
	0,46,62
	0,46,60
	0,46,61
	0,45,61
	0,45,62
	0,46,62
	0,31,57
	0,45,61
	0,46,62
	0,45,62
	0,45,60
	0,45,60
	0,45,59
	0,46,60
net113	The number of pins: 33
	0,49,42
	0,26,41
	0,26,41
	0,27,45
	0,48,45
	0,28,49
	0,28,50
	0,25,50
	0,23,51
	0,48,53
	0,23,54
	0,47,56
	0,46,54
	0,47,56
	0,46,56
	0,44,62
	0,44,60
	0,43,62
	0,42,61
	0,43,60
	0,43,62
	0,24,54
	0,42,62
	0,42,62
	0,43,60
	0,44,61
	0,43,62
	0,43,61
	0,43,61
	0,44,61
	0,42,60
	0,45,57
	0,33,60
net114	The number of pins: 33
	0,56,32
	0,53,33
	0,57,32
	0,57,32
	0,55,32
	0,42,32
	0,39,31
	0,35,30
	0,30,32
	0,57,31
	0,57,32
	0,57,31
	0,55,33
	0,58,31
	0,58,32
	0,58,33
	0,58,38
	0,58,31
	0,30,36
	0,52,34
	0,55,33
	0,51,34
	0,48,33
	0,48,34
	0,55,41
	0,55,42
	0,54,42
	0,58,42
	0,58,40
	0,56,41
	0,56,41
	0,58,42
	0,56,42
net115	The number of pins: 33
	0,29,6
	0,31,7
	0,31,8
	0,35,8
	0,31,8
	0,28,6
	0,30,5
	0,29,8
	0,30,8
	0,31,7
	0,34,9
	0,34,7
	0,30,8
	0,33,7
	0,32,7
	0,32,7
	0,29,7
	0,36,7
	0,34,7
	0,30,7
	0,29,6
	0,36,6
	0,35,7
	0,32,6
	0,28,8
	0,33,18
	0,33,19
	0,17,22
	0,36,20
	0,36,22
	0,27,27
	0,24,28
	0,17,28
net116	The number of pins: 33
	0,34,30
	0,33,31
	0,29,30
	0,48,41
	0,57,42
	0,28,39
	0,38,39
	0,30,39
	0,57,50
	0,56,53
	0,56,52
	0,57,53
	0,57,51
	0,58,52
	0,30,46
	0,57,53
	0,56,52
	0,51,43
	0,57,51
	0,57,51
	0,55,52
	0,57,48
	0,56,49
	0,57,48
	0,56,47
	0,56,47
	0,53,47
	0,53,48
	0,30,48
	0,56,48
	0,57,46
	0,57,47
	0,52,48
net117	The number of pins: 33
	0,32,38
	0,24,37
	0,32,40
	0,23,46
	0,37,46
	0,39,48
	0,39,51
	0,42,48
	0,34,51
	0,32,53
	0,32,53
	0,36,56
	0,37,56
	0,33,55
	0,38,57
	0,37,59
	0,39,58
	0,36,58
	0,39,58
	0,39,59
	0,37,58
	0,38,58
	0,37,59
	0,36,57
	0,39,59
	0,38,59
	0,38,60
	0,34,59
	0,35,60
	0,34,60
	0,38,59
	0,36,58
	0,36,60
net118	The number of pins: 33
	0,10,32
	0,8,36
	0,8,34
	0,4,35
	0,9,38
	0,7,39
	0,4,35
	0,6,37
	0,7,37
	0,22,33
	0,6,36
	0,7,38
	0,7,37
	0,4,42
	0,6,39
	0,19,37
	0,6,39
	0,22,38
	0,6,40
	0,6,40
	0,4,40
	0,5,42
	0,7,46
	0,25,40
	0,25,40
	0,14,47
	0,6,48
	0,23,46
	0,4,44
	0,25,49
	0,21,49
	0,8,49
	0,17,49
net119	The number of pins: 33
	0,35,38
	0,36,39
	0,29,38
	0,36,39
	0,30,38
	0,31,39
	0,28,38
	0,30,44
	0,51,46
	0,49,47
	0,29,48
	0,50,47
	0,49,48
	0,29,48
	0,50,50
	0,49,50
	0,50,47
	0,51,47
	0,51,45
	0,46,50
	0,49,50
	0,48,50
	0,47,51
	0,47,48
	0,46,51
	0,47,48
	0,34,50
	0,47,51
	0,45,51
	0,40,50
	0,48,47
	0,47,47
	0,49,48
net120	The number of pins: 33
	0,10,24
	0,12,24
	0,11,24
	0,11,24
	0,13,24
	0,12,22
	0,10,22
	0,15,24
	0,10,23
	0,10,22
	0,10,21
	0,9,21
	0,9,22
	0,11,21
	0,11,22
	0,11,22
	0,10,21
	0,8,21
	0,8,21
	0,9,21
	0,12,22
	0,8,21
	0,8,21
	0,11,20
	0,8,22
	0,12,25
	0,31,20
	0,17,24
	0,31,24
	0,22,24
	0,30,24
	0,32,26
	0,33,29
net121	The number of pins: 33
	0,37,29
	0,33,27
	0,34,29
	0,38,28
	0,51,30
	0,48,30
	0,50,31
	0,52,44
	0,40,39
	0,37,42
	0,44,44
	0,39,44
	0,50,48
	0,50,45
	0,51,29
	0,52,49
	0,51,50
	0,49,27
	0,48,53
	0,48,30
	0,49,30
	0,46,53
	0,50,49
	0,49,27
	0,47,29
	0,51,49
	0,48,29
	0,49,30
	0,49,29
	0,46,53
	0,49,29
	0,50,29
	0,49,29
net122	The number of pins: 33
	0,24,14
	0,20,10
	0,19,11
	0,18,10
	0,16,11
	0,18,10
	0,19,12
	0,17,11
	0,20,10
	0,20,10
	0,20,12
	0,18,12
	0,18,11
	0,21,10
	0,21,10
	0,17,15
	0,18,13
	0,18,12
	0,16,17
	0,16,21
	0,17,14
	0,21,12
	0,19,12
	0,17,13
	0,18,18
	0,16,16
	0,33,19
	0,33,20
	0,32,22
	0,30,24
	0,19,27
	0,17,27
	0,33,30
net123	The number of pins: 33
	0,8,19
	0,6,18
	0,24,20
	0,7,18
	0,6,18
	0,6,21
	0,24,19
	0,7,19
	0,6,19
	0,6,22
	0,7,22
	0,21,18
	0,9,21
	0,7,21
	0,6,22
	0,8,23
	0,6,24
	0,24,22
	0,7,21
	0,7,19
	0,8,21
	0,7,21
	0,8,19
	0,6,19
	0,7,27
	0,6,21
	0,6,26
	0,6,26
	0,6,25
	0,6,26
	0,30,25
	0,30,26
	0,30,27
net124	The number of pins: 33
	0,4,22
	0,6,22
	0,4,23
	0,5,20
	0,5,20
	0,6,21
	0,4,21
	0,10,22
	0,7,20
	0,6,23
	0,4,20
	0,6,19
	0,5,22
	0,4,21
	0,6,22
	0,6,21
	0,6,23
	0,7,22
	0,7,23
	0,5,23
	0,4,24
	0,4,25
	0,5,23
	0,6,24
	0,4,22
	0,31,16
	0,7,20
	0,28,21
	0,6,26
	0,21,26
	0,6,25
	0,28,24
	0,18,27
net125	The number of pins: 33
	0,33,6
	0,34,6
	0,30,6
	0,29,8
	0,33,6
	0,30,7
	0,30,6
	0,32,6
	0,30,8
	0,35,6
	0,31,6
	0,28,7
	0,29,8
	0,36,9
	0,31,6
	0,32,7
	0,29,7
	0,36,7
	0,34,7
	0,29,6
	0,36,6
	0,35,7
	0,32,6
	0,25,7
	0,31,6
	0,26,7
	0,24,22
	0,26,18
	0,24,15
	0,36,18
	0,37,19
	0,24,27
	0,23,27
net126	The number of pins: 33
	0,30,35
	0,30,33
	0,31,35
	0,40,36
	0,59,37
	0,60,39
	0,61,43
	0,62,42
	0,62,43
	0,64,44
	0,62,45
	0,62,43
	0,63,44
	0,63,45
	0,63,45
	0,62,42
	0,59,42
	0,60,43
	0,57,38
	0,59,41
	0,43,37
	0,53,46
	0,46,41
	0,44,39
	0,57,45
	0,37,46
	0,56,45
	0,55,45
	0,59,43
	0,62,44
	0,60,45
	0,45,46
	0,59,45
net127	The number of pins: 33
	0,33,19
	0,7,27
	0,7,28
	0,9,29
	0,9,26
	0,6,29
	0,27,20
	0,6,26
	0,7,25
	0,6,25
	0,8,27
	0,6,29
	0,8,27
	0,6,30
	0,8,27
	0,6,29
	0,7,26
	0,6,27
	0,6,30
	0,6,28
	0,6,27
	0,8,30
	0,5,28
	0,7,28
	0,20,27
	0,12,29
	0,16,29
	0,10,30
	0,11,29
	0,33,27
	0,28,31
	0,15,32
	0,7,34
net128	The number of pins: 33
	0,49,46
	0,38,47
	0,34,46
	0,33,45
	0,51,47
	0,32,50
	0,36,50
	0,51,47
	0,38,49
	0,50,50
	0,31,51
	0,32,53
	0,48,52
	0,48,54
	0,50,54
	0,31,54
	0,50,56
	0,48,54
	0,33,55
	0,35,55
	0,49,57
	0,48,58
	0,47,58
	0,46,58
	0,46,59
	0,47,59
	0,48,59
	0,47,59
	0,46,59
	0,46,59
	0,46,59
	0,46,58
	0,45,57
net129	The number of pins: 33
	0,13,11
	0,4,7
	0,3,8
	0,4,6
	0,4,8
	0,3,8
	0,2,7
	0,5,7
	0,4,8
	0,4,6
	0,3,6
	0,3,6
	0,3,6
	0,2,6
	0,2,6
	0,2,6
	0,3,6
	0,3,7
	0,3,5
	0,3,5
	0,13,13
	0,3,7
	0,3,6
	0,13,11
	0,4,7
	0,11,14
	0,13,16
	0,16,12
	0,10,14
	0,16,14
	0,10,15
	0,19,25
	0,29,26
net130	The number of pins: 33
	0,21,8
	0,21,8
	0,21,6
	0,23,4
	0,22,5
	0,21,6
	0,21,5
	0,27,6
	0,26,7
	0,23,5
	0,24,4
	0,22,4
	0,21,7
	0,28,4
	0,20,8
	0,27,4
	0,22,6
	0,25,6
	0,23,6
	0,21,9
	0,23,9
	0,22,9
	0,26,6
	0,21,9
	0,21,9
	0,21,15
	0,26,7
	0,21,15
	0,29,13
	0,29,12
	0,27,14
	0,22,25
	0,31,30
net131	The number of pins: 33
	0,37,36
	0,37,38
	0,37,35
	0,63,49
	0,50,37
	0,52,37
	0,35,40
	0,51,40
	0,55,44
	0,52,40
	0,36,42
	0,62,47
	0,61,49
	0,61,48
	0,62,49
	0,62,49
	0,61,49
	0,60,49
	0,61,48
	0,62,48
	0,62,48
	0,62,48
	0,56,48
	0,57,47
	0,56,44
	0,56,47
	0,55,41
	0,47,48
	0,62,47
	0,60,47
	0,57,47
	0,59,44
	0,51,48
net132	The number of pins: 33
	0,48,9
	0,47,10
	0,48,9
	0,45,6
	0,43,11
	0,45,6
	0,48,10
	0,45,5
	0,46,6
	0,45,5
	0,45,6
	0,43,11
	0,40,11
	0,46,5
	0,45,6
	0,45,7
	0,44,6
	0,44,6
	0,44,6
	0,45,10
	0,44,6
	0,26,15
	0,24,15
	0,28,14
	0,24,9
	0,45,12
	0,28,15
	0,45,12
	0,48,12
	0,43,12
	0,42,14
	0,46,14
	0,45,14
net133	The number of pins: 33
	0,51,39
	0,39,38
	0,50,44
	0,51,41
	0,39,37
	0,41,37
	0,51,44
	0,52,43
	0,43,44
	0,53,44
	0,53,51
	0,52,48
	0,42,44
	0,53,50
	0,53,48
	0,43,48
	0,50,58
	0,51,51
	0,44,57
	0,50,57
	0,49,52
	0,53,51
	0,51,57
	0,51,57
	0,52,57
	0,52,57
	0,52,58
	0,52,58
	0,51,57
	0,49,57
	0,51,58
	0,52,56
	0,41,56
net134	The number of pins: 33
	0,50,45
	0,52,42
	0,35,44
	0,36,44
	0,36,45
	0,41,48
	0,41,50
	0,52,46
	0,43,48
	0,50,46
	0,50,48
	0,35,53
	0,50,57
	0,49,53
	0,34,53
	0,49,56
	0,47,57
	0,48,57
	0,49,57
	0,47,57
	0,45,57
	0,50,56
	0,50,54
	0,48,57
	0,45,57
	0,50,53
	0,48,57
	0,49,54
	0,35,54
	0,46,57
	0,46,57
	0,36,53
	0,37,54
net135	The number of pins: 33
	0,25,38
	0,25,38
	0,24,48
	0,20,51
	0,25,40
	0,25,42
	0,25,44
	0,18,52
	0,22,51
	0,24,55
	0,23,57
	0,23,58
	0,23,57
	0,22,59
	0,22,60
	0,24,60
	0,26,60
	0,25,60
	0,25,60
	0,24,60
	0,26,60
	0,25,60
	0,24,59
	0,24,59
	0,24,60
	0,24,60
	0,27,62
	0,26,60
	0,25,59
	0,27,61
	0,26,62
	0,26,61
	0,26,59
net136	The number of pins: 33
	0,61,40
	0,60,41
	0,40,47
	0,57,42
	0,36,44
	0,38,45
	0,35,47
	0,41,47
	0,43,50
	0,60,53
	0,56,51
	0,56,51
	0,58,50
	0,58,52
	0,61,53
	0,60,53
	0,55,50
	0,61,53
	0,58,54
	0,61,47
	0,60,54
	0,54,53
	0,49,51
	0,37,53
	0,59,54
	0,59,53
	0,58,54
	0,59,54
	0,55,51
	0,54,49
	0,35,50
	0,59,49
	0,36,52
net137	The number of pins: 33
	0,13,16
	0,9,15
	0,11,15
	0,27,12
	0,25,16
	0,8,22
	0,11,17
	0,9,15
	0,10,17
	0,10,16
	0,7,19
	0,8,19
	0,8,19
	0,9,19
	0,7,23
	0,9,17
	0,12,15
	0,8,18
	0,7,25
	0,10,16
	0,7,24
	0,8,24
	0,7,24
	0,7,23
	0,7,27
	0,8,28
	0,8,28
	0,8,29
	0,8,30
	0,8,28
	0,10,30
	0,22,30
	0,19,30
net138	The number of pins: 33
	0,24,27
	0,8,27
	0,7,29
	0,0,37
	0,18,27
	0,5,31
	0,1,36
	0,0,37
	0,1,39
	0,4,33
	0,3,35
	0,0,39
	0,0,38
	0,1,38
	0,5,32
	0,3,35
	0,4,37
	0,0,39
	0,2,38
	0,0,42
	0,1,38
	0,0,37
	0,0,38
	0,2,39
	0,2,35
	0,0,41
	0,0,42
	0,1,41
	0,0,41
	0,0,37
	0,24,37
	0,10,37
	0,20,51
net139	The number of pins: 33
	0,27,18
	0,27,17
	0,25,19
	0,4,18
	0,2,16
	0,4,19
	0,3,16
	0,4,19
	0,2,17
	0,4,18
	0,2,17
	0,1,17
	0,4,18
	0,2,18
	0,4,19
	0,1,18
	0,27,23
	0,5,18
	0,1,15
	0,0,15
	0,0,16
	0,1,15
	0,0,15
	0,0,16
	0,1,16
	0,0,15
	0,4,27
	0,4,26
	0,3,24
	0,3,25
	0,10,28
	0,27,28
	0,24,28
net140	The number of pins: 33
	0,14,11
	0,12,11
	0,15,10
	0,13,12
	0,13,11
	0,15,10
	0,14,12
	0,13,15
	0,14,12
	0,14,12
	0,14,14
	0,13,12
	0,13,15
	0,13,12
	0,14,14
	0,15,15
	0,15,13
	0,14,11
	0,13,13
	0,15,14
	0,14,13
	0,13,13
	0,12,13
	0,13,11
	0,14,12
	0,13,15
	0,19,17
	0,13,16
	0,17,16
	0,9,24
	0,17,26
	0,19,26
	0,31,27
net141	The number of pins: 33
	0,27,39
	0,27,36
	0,41,37
	0,40,31
	0,34,40
	0,33,40
	0,42,41
	0,28,39
	0,41,43
	0,45,44
	0,45,53
	0,45,54
	0,45,49
	0,42,54
	0,46,46
	0,46,49
	0,29,54
	0,44,55
	0,45,50
	0,39,52
	0,43,55
	0,43,54
	0,42,55
	0,43,50
	0,45,51
	0,43,54
	0,43,51
	0,43,54
	0,44,54
	0,45,48
	0,44,51
	0,37,55
	0,44,52
net142	The number of pins: 33
	0,38,30
	0,38,32
	0,38,29
	0,55,33
	0,59,32
	0,60,30
	0,59,31
	0,59,31
	0,59,32
	0,59,30
	0,59,32
	0,59,32
	0,56,35
	0,41,31
	0,58,32
	0,53,35
	0,60,32
	0,57,35
	0,54,35
	0,37,28
	0,47,31
	0,54,33
	0,48,34
	0,51,37
	0,56,42
	0,54,40
	0,59,42
	0,56,40
	0,56,42
	0,54,40
	0,55,40
	0,58,42
	0,57,42
net143	The number of pins: 33
	0,14,15
	0,17,14
	0,15,11
	0,16,11
	0,18,15
	0,14,16
	0,16,13
	0,17,11
	0,20,10
	0,16,13
	0,16,11
	0,19,10
	0,19,10
	0,15,13
	0,15,12
	0,14,11
	0,19,10
	0,15,14
	0,16,11
	0,15,12
	0,15,11
	0,18,10
	0,16,11
	0,16,12
	0,15,12
	0,25,14
	0,24,19
	0,25,13
	0,15,27
	0,24,23
	0,20,24
	0,15,28
	0,26,27
net144	The number of pins: 33
	0,23,36
	0,22,42
	0,27,43
	0,28,44
	0,22,47
	0,26,45
	0,23,49
	0,27,51
	0,26,54
	0,24,52
	0,21,52
	0,24,50
	0,24,55
	0,22,57
	0,24,58
	0,21,59
	0,22,42
	0,26,58
	0,23,58
	0,25,58
	0,28,59
	0,27,59
	0,28,58
	0,25,58
	0,26,57
	0,26,59
	0,27,57
	0,27,58
	0,25,58
	0,23,60
	0,24,58
	0,27,58
	0,25,58
net145	The number of pins: 33
	0,49,5
	0,49,6
	0,48,3
	0,49,5
	0,49,3
	0,48,4
	0,49,5
	0,50,4
	0,50,5
	0,50,3
	0,49,5
	0,48,5
	0,49,11
	0,29,11
	0,50,3
	0,49,4
	0,49,4
	0,50,8
	0,49,10
	0,27,11
	0,50,9
	0,44,12
	0,28,11
	0,42,13
	0,28,12
	0,27,11
	0,49,14
	0,43,13
	0,48,14
	0,50,12
	0,50,14
	0,48,14
	0,48,16
net146	The number of pins: 33
	0,42,41
	0,39,40
	0,37,40
	0,53,40
	0,43,40
	0,43,45
	0,51,44
	0,53,45
	0,47,44
	0,54,48
	0,43,44
	0,55,53
	0,55,53
	0,52,52
	0,54,54
	0,55,54
	0,54,51
	0,55,54
	0,56,53
	0,55,54
	0,56,53
	0,47,45
	0,53,47
	0,52,48
	0,56,53
	0,54,52
	0,52,52
	0,53,52
	0,44,55
	0,49,52
	0,50,52
	0,47,55
	0,54,48
net147	The number of pins: 33
	0,39,35
	0,63,41
	0,64,41
	0,64,42
	0,64,43
	0,64,41
	0,64,36
	0,39,34
	0,64,37
	0,64,42
	0,64,44
	0,63,43
	0,55,39
	0,62,40
	0,55,39
	0,51,36
	0,42,39
	0,62,40
	0,60,42
	0,60,42
	0,51,39
	0,40,44
	0,57,39
	0,55,45
	0,43,38
	0,54,44
	0,56,44
	0,54,42
	0,59,42
	0,61,42
	0,60,44
	0,57,43
	0,59,44
net148	The number of pins: 33
	0,4,19
	0,16,21
	0,5,19
	0,7,18
	0,5,19
	0,7,18
	0,7,18
	0,6,19
	0,5,18
	0,6,19
	0,7,19
	0,7,19
	0,4,18
	0,4,20
	0,4,20
	0,6,20
	0,7,24
	0,6,20
	0,16,23
	0,7,21
	0,6,24
	0,7,25
	0,17,24
	0,15,25
	0,10,26
	0,7,27
	0,7,26
	0,6,27
	0,17,27
	0,11,30
	0,14,30
	0,8,33
	0,9,32
net149	The number of pins: 33
	0,14,16
	0,15,21
	0,12,18
	0,11,16
	0,12,19
	0,13,18
	0,11,21
	0,13,17
	0,12,16
	0,10,21
	0,11,19
	0,9,20
	0,10,16
	0,11,16
	0,10,15
	0,10,21
	0,14,16
	0,11,15
	0,10,16
	0,16,21
	0,12,20
	0,14,15
	0,14,16
	0,9,23
	0,12,15
	0,13,16
	0,16,21
	0,32,17
	0,30,18
	0,33,20
	0,19,22
	0,28,24
	0,13,24
net150	The number of pins: 33
	0,20,10
	0,19,11
	0,18,11
	0,17,11
	0,18,10
	0,18,11
	0,19,12
	0,17,11
	0,21,10
	0,21,10
	0,20,12
	0,15,18
	0,19,12
	0,19,11
	0,21,10
	0,21,10
	0,17,15
	0,18,12
	0,17,14
	0,17,15
	0,17,18
	0,15,21
	0,15,18
	0,16,14
	0,17,13
	0,17,13
	0,32,20
	0,32,23
	0,30,24
	0,17,24
	0,30,24
	0,32,26
	0,17,27
net151	The number of pins: 33
	0,48,11
	0,50,11
	0,49,12
	0,49,12
	0,44,16
	0,55,13
	0,53,13
	0,52,14
	0,53,12
	0,42,17
	0,53,14
	0,54,13
	0,54,13
	0,25,15
	0,54,15
	0,52,15
	0,54,14
	0,53,12
	0,54,14
	0,54,11
	0,51,12
	0,51,12
	0,26,16
	0,29,15
	0,28,17
	0,29,17
	0,49,12
	0,47,17
	0,44,17
	0,50,17
	0,49,15
	0,47,18
	0,29,17
net152	The number of pins: 33
	0,37,9
	0,31,7
	0,32,8
	0,35,8
	0,31,8
	0,35,8
	0,36,8
	0,36,9
	0,30,7
	0,38,9
	0,36,8
	0,34,9
	0,34,7
	0,38,9
	0,38,9
	0,33,7
	0,32,7
	0,37,8
	0,36,8
	0,30,7
	0,25,14
	0,37,7
	0,27,7
	0,24,19
	0,25,16
	0,24,14
	0,33,19
	0,36,20
	0,38,20
	0,32,20
	0,27,20
	0,34,21
	0,24,23
net153	The number of pins: 33
	0,37,9
	0,36,9
	0,35,7
	0,33,6
	0,34,6
	0,30,6
	0,35,8
	0,36,9
	0,33,6
	0,30,6
	0,32,6
	0,36,7
	0,35,6
	0,31,7
	0,31,6
	0,28,7
	0,36,9
	0,37,9
	0,31,6
	0,37,8
	0,36,8
	0,31,6
	0,37,7
	0,24,21
	0,24,20
	0,36,18
	0,37,20
	0,25,20
	0,36,22
	0,33,19
	0,38,20
	0,31,20
	0,24,22
net154	The number of pins: 33
	0,24,18
	0,8,24
	0,7,21
	0,10,16
	0,7,22
	0,7,21
	0,7,21
	0,7,24
	0,8,19
	0,27,18
	0,9,19
	0,10,17
	0,9,17
	0,8,18
	0,9,16
	0,6,26
	0,9,27
	0,7,26
	0,27,24
	0,17,20
	0,11,27
	0,7,27
	0,10,32
	0,27,23
	0,9,32
	0,8,31
	0,10,29
	0,17,33
	0,21,33
	0,17,31
	0,23,36
	0,21,36
	0,20,36
net155	The number of pins: 33
	0,3,25
	0,4,25
	0,4,27
	0,2,28
	0,4,25
	0,4,25
	0,2,28
	0,4,26
	0,3,24
	0,4,26
	0,2,27
	0,18,28
	0,18,24
	0,3,24
	0,3,25
	0,2,25
	0,3,27
	0,27,27
	0,3,26
	0,5,27
	0,5,26
	0,3,27
	0,2,28
	0,3,26
	0,3,25
	0,6,28
	0,2,26
	0,2,25
	0,7,30
	0,3,25
	0,4,27
	0,7,31
	0,28,30
net156	The number of pins: 33
	0,17,26
	0,16,24
	0,6,25
	0,5,26
	0,6,26
	0,8,30
	0,5,33
	0,5,33
	0,8,32
	0,6,34
	0,5,33
	0,8,28
	0,5,33
	0,8,31
	0,6,28
	0,4,33
	0,4,33
	0,8,30
	0,5,33
	0,3,33
	0,7,32
	0,8,32
	0,3,33
	0,7,30
	0,5,31
	0,3,34
	0,5,35
	0,3,33
	0,4,35
	0,21,32
	0,22,29
	0,21,33
	0,17,33
net157	The number of pins: 33
	0,60,41
	0,58,40
	0,52,40
	0,37,39
	0,59,39
	0,48,41
	0,60,39
	0,60,39
	0,60,39
	0,40,41
	0,38,39
	0,36,40
	0,38,41
	0,60,40
	0,60,41
	0,59,39
	0,60,40
	0,59,39
	0,41,41
	0,59,41
	0,59,40
	0,57,44
	0,58,41
	0,59,41
	0,60,45
	0,58,44
	0,54,43
	0,54,41
	0,56,40
	0,58,44
	0,57,40
	0,58,45
	0,56,44
net158	The number of pins: 33
	0,39,32
	0,40,33
	0,56,35
	0,55,36
	0,57,40
	0,56,38
	0,56,38
	0,56,39
	0,58,43
	0,57,38
	0,56,37
	0,55,38
	0,56,39
	0,55,39
	0,56,37
	0,57,37
	0,53,42
	0,49,38
	0,57,38
	0,56,38
	0,44,32
	0,57,44
	0,53,43
	0,41,33
	0,54,42
	0,57,42
	0,56,42
	0,58,44
	0,53,43
	0,44,35
	0,56,41
	0,58,44
	0,45,33
net159	The number of pins: 33
	0,15,34
	0,15,34
	0,17,35
	0,20,38
	0,20,43
	0,17,49
	0,1,48
	0,3,50
	0,2,48
	0,0,50
	0,0,50
	0,2,50
	0,2,48
	0,1,48
	0,1,49
	0,0,50
	0,1,50
	0,3,48
	0,1,50
	0,2,50
	0,0,49
	0,1,50
	0,1,49
	0,0,48
	0,18,46
	0,1,50
	0,0,49
	0,9,48
	0,2,49
	0,17,48
	0,16,48
	0,13,48
	0,8,51
net160	The number of pins: 33
	0,18,41
	0,19,38
	0,19,44
	0,17,47
	0,19,47
	0,16,52
	0,16,52
	0,16,56
	0,18,58
	0,18,59
	0,19,66
	0,22,65
	0,18,65
	0,19,65
	0,20,65
	0,19,65
	0,20,66
	0,19,66
	0,20,65
	0,20,66
	0,20,66
	0,19,66
	0,19,65
	0,19,65
	0,19,64
	0,20,66
	0,21,65
	0,21,65
	0,21,65
	0,21,65
	0,20,63
	0,20,62
	0,23,65
net161	The number of pins: 33
	0,14,19
	0,13,19
	0,15,18
	0,12,23
	0,15,17
	0,14,18
	0,15,18
	0,14,19
	0,13,21
	0,10,22
	0,10,21
	0,11,22
	0,15,17
	0,15,18
	0,14,18
	0,13,18
	0,11,21
	0,11,19
	0,17,18
	0,31,17
	0,10,20
	0,13,19
	0,11,19
	0,11,22
	0,12,19
	0,14,17
	0,10,22
	0,10,22
	0,32,20
	0,32,23
	0,20,25
	0,12,24
	0,31,25
net162	The number of pins: 33
	0,26,14
	0,26,19
	0,6,19
	0,12,15
	0,4,16
	0,6,16
	0,5,15
	0,5,18
	0,6,15
	0,4,15
	0,5,13
	0,5,15
	0,5,13
	0,5,17
	0,5,14
	0,4,14
	0,5,15
	0,5,15
	0,5,14
	0,25,19
	0,4,16
	0,5,15
	0,5,16
	0,6,15
	0,4,17
	0,4,25
	0,4,25
	0,4,25
	0,4,25
	0,3,24
	0,4,26
	0,7,28
	0,22,31
net163	The number of pins: 33
	0,55,12
	0,55,10
	0,55,13
	0,53,11
	0,53,11
	0,53,12
	0,51,11
	0,52,12
	0,54,12
	0,56,17
	0,48,15
	0,41,17
	0,55,21
	0,38,17
	0,40,17
	0,56,10
	0,55,11
	0,54,11
	0,56,10
	0,57,10
	0,54,12
	0,55,12
	0,54,11
	0,55,10
	0,44,15
	0,55,15
	0,54,12
	0,56,13
	0,52,12
	0,54,20
	0,49,17
	0,54,21
	0,38,21
net164	The number of pins: 33
	0,54,10
	0,54,10
	0,52,11
	0,46,17
	0,54,11
	0,36,17
	0,36,18
	0,58,13
	0,56,12
	0,57,12
	0,56,12
	0,57,12
	0,58,12
	0,56,12
	0,57,12
	0,58,14
	0,59,13
	0,57,12
	0,44,18
	0,58,14
	0,58,12
	0,58,13
	0,57,13
	0,41,21
	0,55,12
	0,47,13
	0,53,14
	0,55,16
	0,46,13
	0,56,13
	0,55,18
	0,37,21
	0,58,21
net165	The number of pins: 33
	0,41,40
	0,34,42
	0,35,42
	0,41,42
	0,37,45
	0,43,40
	0,44,43
	0,39,54
	0,42,50
	0,42,52
	0,41,52
	0,43,57
	0,40,54
	0,35,46
	0,35,48
	0,42,57
	0,38,54
	0,39,54
	0,43,52
	0,43,57
	0,37,57
	0,39,57
	0,43,51
	0,44,57
	0,34,55
	0,42,57
	0,41,57
	0,40,55
	0,41,55
	0,36,57
	0,44,57
	0,44,57
	0,41,58
net166	The number of pins: 33
	0,21,27
	0,10,30
	0,10,28
	0,7,28
	0,7,28
	0,5,30
	0,6,32
	0,5,32
	0,21,28
	0,6,31
	0,7,31
	0,3,35
	0,7,31
	0,9,28
	0,3,35
	0,4,37
	0,4,34
	0,6,32
	0,4,34
	0,3,36
	0,26,28
	0,9,31
	0,4,31
	0,7,37
	0,6,32
	0,5,37
	0,5,37
	0,9,38
	0,7,37
	0,8,38
	0,26,31
	0,4,36
	0,25,36
net167	The number of pins: 33
	0,61,50
	0,61,47
	0,52,44
	0,48,44
	0,60,46
	0,61,48
	0,60,48
	0,53,44
	0,52,44
	0,60,48
	0,61,46
	0,60,50
	0,59,48
	0,55,47
	0,59,48
	0,58,45
	0,62,47
	0,48,42
	0,39,44
	0,39,42
	0,58,45
	0,54,45
	0,41,45
	0,51,43
	0,43,42
	0,41,42
	0,58,48
	0,54,47
	0,60,45
	0,58,47
	0,57,47
	0,46,44
	0,45,46
net168	The number of pins: 33
	0,25,27
	0,9,29
	0,10,29
	0,10,28
	0,21,27
	0,9,27
	0,8,32
	0,8,32
	0,13,28
	0,7,32
	0,6,32
	0,5,34
	0,6,31
	0,7,31
	0,4,33
	0,7,31
	0,9,28
	0,5,32
	0,23,27
	0,4,34
	0,7,32
	0,4,34
	0,10,31
	0,4,32
	0,5,32
	0,6,32
	0,6,34
	0,5,29
	0,4,32
	0,6,30
	0,6,31
	0,25,32
	0,25,32
net169	The number of pins: 33
	0,12,18
	0,12,19
	0,17,17
	0,17,21
	0,13,21
	0,10,19
	0,8,20
	0,15,21
	0,12,18
	0,10,19
	0,14,18
	0,16,18
	0,13,17
	0,8,18
	0,15,18
	0,11,19
	0,14,18
	0,12,18
	0,9,19
	0,8,19
	0,8,18
	0,10,20
	0,8,21
	0,9,21
	0,9,21
	0,8,21
	0,8,21
	0,8,22
	0,33,19
	0,30,18
	0,33,21
	0,34,22
	0,22,22
net170	The number of pins: 33
	0,39,4
	0,39,3
	0,39,3
	0,37,2
	0,39,3
	0,38,3
	0,37,2
	0,38,3
	0,37,3
	0,39,4
	0,37,3
	0,37,3
	0,39,2
	0,38,4
	0,38,3
	0,38,2
	0,41,18
	0,37,4
	0,38,4
	0,37,5
	0,37,5
	0,39,15
	0,41,17
	0,19,22
	0,39,11
	0,41,17
	0,40,17
	0,36,17
	0,39,15
	0,41,21
	0,19,17
	0,34,17
	0,27,22
net171	The number of pins: 33
	0,13,18
	0,12,19
	0,10,19
	0,8,20
	0,17,18
	0,18,20
	0,13,17
	0,8,18
	0,15,16
	0,18,18
	0,9,19
	0,8,19
	0,10,20
	0,9,19
	0,10,21
	0,11,19
	0,8,18
	0,10,20
	0,10,19
	0,10,21
	0,9,18
	0,15,17
	0,18,16
	0,16,21
	0,12,19
	0,8,18
	0,9,18
	0,34,22
	0,33,20
	0,21,24
	0,34,23
	0,33,23
	0,35,24
net172	The number of pins: 33
	0,21,8
	0,21,7
	0,21,6
	0,23,4
	0,22,5
	0,21,6
	0,21,5
	0,23,5
	0,26,4
	0,25,5
	0,25,4
	0,26,5
	0,19,9
	0,19,8
	0,19,7
	0,24,4
	0,22,4
	0,21,7
	0,20,7
	0,20,9
	0,22,7
	0,24,5
	0,19,7
	0,22,8
	0,20,9
	0,20,9
	0,21,15
	0,28,13
	0,26,17
	0,21,10
	0,26,16
	0,27,14
	0,22,17
net173	The number of pins: 33
	0,57,33
	0,56,32
	0,53,34
	0,39,28
	0,57,33
	0,57,34
	0,40,30
	0,56,34
	0,57,36
	0,56,34
	0,58,34
	0,56,35
	0,57,35
	0,51,34
	0,56,33
	0,55,35
	0,57,34
	0,57,35
	0,51,38
	0,48,38
	0,54,35
	0,48,39
	0,39,36
	0,39,36
	0,54,41
	0,54,42
	0,57,41
	0,55,41
	0,58,41
	0,56,41
	0,59,40
	0,59,42
	0,58,42
net174	The number of pins: 33
	0,14,33
	0,5,36
	0,0,41
	0,0,39
	0,1,40
	0,14,36
	0,1,39
	0,4,39
	0,1,39
	0,1,41
	0,1,39
	0,2,39
	0,9,35
	0,0,40
	0,2,41
	0,1,41
	0,0,39
	0,0,40
	0,10,35
	0,2,39
	0,1,40
	0,2,40
	0,12,34
	0,12,38
	0,13,41
	0,13,45
	0,2,47
	0,16,45
	0,9,46
	0,15,45
	0,11,48
	0,10,47
	0,9,47
net175	The number of pins: 33
	0,16,9
	0,14,3
	0,13,3
	0,25,7
	0,20,9
	0,19,9
	0,14,2
	0,13,3
	0,14,3
	0,14,4
	0,25,7
	0,16,8
	0,14,6
	0,13,2
	0,13,3
	0,13,4
	0,14,2
	0,14,3
	0,14,3
	0,13,3
	0,17,15
	0,26,10
	0,24,13
	0,23,15
	0,22,16
	0,21,16
	0,17,20
	0,16,22
	0,14,24
	0,14,22
	0,15,21
	0,26,22
	0,20,23
net176	The number of pins: 33
	0,32,42
	0,25,40
	0,32,41
	0,26,42
	0,27,47
	0,33,48
	0,28,49
	0,27,51
	0,29,54
	0,30,55
	0,30,55
	0,27,60
	0,29,59
	0,28,60
	0,28,60
	0,29,58
	0,28,60
	0,34,48
	0,28,61
	0,28,60
	0,28,61
	0,30,60
	0,29,61
	0,29,60
	0,27,60
	0,30,60
	0,28,59
	0,30,61
	0,31,60
	0,29,60
	0,29,60
	0,28,61
	0,30,60
net177	The number of pins: 33
	0,12,38
	0,14,39
	0,6,55
	0,8,59
	0,9,60
	0,7,59
	0,9,60
	0,7,60
	0,8,60
	0,8,60
	0,8,60
	0,7,60
	0,8,61
	0,8,59
	0,8,59
	0,12,46
	0,7,61
	0,8,59
	0,8,61
	0,8,60
	0,9,61
	0,9,59
	0,10,56
	0,9,60
	0,10,57
	0,14,59
	0,9,56
	0,12,48
	0,13,56
	0,8,56
	0,13,47
	0,9,48
	0,13,50
net178	The number of pins: 33
	0,46,34
	0,41,33
	0,42,35
	0,44,38
	0,44,36
	0,42,39
	0,49,38
	0,54,44
	0,53,39
	0,53,41
	0,55,49
	0,56,47
	0,56,46
	0,56,46
	0,54,46
	0,55,47
	0,56,48
	0,53,37
	0,55,46
	0,53,47
	0,54,46
	0,47,48
	0,55,47
	0,54,45
	0,52,47
	0,54,44
	0,54,44
	0,52,47
	0,48,48
	0,54,49
	0,53,41
	0,56,45
	0,54,45
net179	The number of pins: 33
	0,62,41
	0,63,40
	0,52,38
	0,51,38
	0,61,41
	0,62,41
	0,61,40
	0,61,41
	0,52,39
	0,56,39
	0,63,41
	0,63,41
	0,60,41
	0,61,39
	0,64,40
	0,63,41
	0,44,38
	0,63,42
	0,62,41
	0,44,38
	0,43,38
	0,44,38
	0,58,39
	0,57,45
	0,55,44
	0,54,43
	0,61,44
	0,57,44
	0,44,36
	0,60,43
	0,62,42
	0,60,44
	0,59,44
net180	The number of pins: 33
	0,20,6
	0,23,6
	0,23,6
	0,18,8
	0,19,6
	0,18,6
	0,19,6
	0,20,6
	0,22,6
	0,19,7
	0,18,4
	0,19,6
	0,19,6
	0,19,5
	0,18,9
	0,18,6
	0,18,5
	0,19,4
	0,18,6
	0,18,7
	0,18,9
	0,18,8
	0,18,5
	0,19,5
	0,20,6
	0,21,15
	0,26,13
	0,25,14
	0,24,13
	0,21,18
	0,24,15
	0,22,16
	0,21,19
net181	The number of pins: 33
	0,50,42
	0,57,40
	0,55,44
	0,50,41
	0,61,41
	0,54,41
	0,58,43
	0,36,41
	0,36,42
	0,57,44
	0,55,45
	0,55,45
	0,62,44
	0,61,44
	0,59,43
	0,61,45
	0,60,45
	0,62,45
	0,39,44
	0,62,41
	0,61,44
	0,62,44
	0,61,45
	0,56,45
	0,63,44
	0,63,44
	0,62,45
	0,62,44
	0,62,45
	0,45,42
	0,42,43
	0,60,44
	0,45,41
net182	The number of pins: 33
	0,14,17
	0,18,17
	0,16,17
	0,17,12
	0,16,14
	0,17,17
	0,16,12
	0,17,12
	0,17,12
	0,14,15
	0,15,17
	0,18,14
	0,17,13
	0,16,15
	0,15,18
	0,14,13
	0,18,12
	0,16,14
	0,16,12
	0,16,13
	0,17,12
	0,16,13
	0,15,14
	0,26,18
	0,24,17
	0,18,16
	0,27,24
	0,26,18
	0,18,23
	0,24,22
	0,28,22
	0,20,24
	0,14,22
net183	The number of pins: 33
	0,21,10
	0,10,15
	0,7,20
	0,12,15
	0,13,14
	0,8,15
	0,12,13
	0,11,12
	0,10,13
	0,12,13
	0,11,13
	0,13,15
	0,8,22
	0,10,24
	0,11,13
	0,10,26
	0,6,20
	0,8,23
	0,5,20
	0,16,23
	0,8,24
	0,8,24
	0,10,27
	0,16,26
	0,11,26
	0,9,28
	0,12,28
	0,10,29
	0,10,29
	0,8,30
	0,8,29
	0,8,28
	0,9,28
net184	The number of pins: 33
	0,27,6
	0,26,7
	0,26,5
	0,25,4
	0,24,5
	0,24,4
	0,25,5
	0,28,4
	0,26,4
	0,27,4
	0,26,4
	0,25,4
	0,27,6
	0,27,7
	0,25,6
	0,28,5
	0,27,6
	0,26,6
	0,27,4
	0,28,6
	0,25,7
	0,27,5
	0,25,6
	0,27,7
	0,26,7
	0,24,7
	0,28,7
	0,27,12
	0,25,10
	0,27,13
	0,25,14
	0,28,13
	0,23,15
net185	The number of pins: 33
	0,26,6
	0,21,6
	0,20,7
	0,20,5
	0,18,7
	0,19,6
	0,18,6
	0,19,6
	0,20,6
	0,24,6
	0,24,6
	0,18,7
	0,25,7
	0,18,4
	0,19,6
	0,19,6
	0,19,5
	0,18,6
	0,18,5
	0,18,4
	0,18,6
	0,18,5
	0,19,5
	0,17,8
	0,18,7
	0,25,8
	0,26,13
	0,26,14
	0,25,10
	0,24,14
	0,21,18
	0,24,18
	0,21,19
net186	The number of pins: 33
	0,22,7
	0,28,6
	0,24,5
	0,27,7
	0,25,6
	0,24,6
	0,22,8
	0,28,5
	0,27,6
	0,26,6
	0,23,6
	0,23,6
	0,28,6
	0,24,6
	0,24,6
	0,23,9
	0,27,5
	0,25,7
	0,22,7
	0,23,7
	0,23,7
	0,24,7
	0,27,7
	0,26,9
	0,22,9
	0,26,6
	0,20,13
	0,25,13
	0,27,13
	0,27,13
	0,26,14
	0,27,15
	0,20,14
net187	The number of pins: 32
	0,29,25
	0,37,25
	0,24,30
	0,38,31
	0,39,33
	0,43,40
	0,22,42
	0,42,40
	0,42,40
	0,22,42
	0,44,25
	0,39,39
	0,42,27
	0,41,38
	0,44,25
	0,44,27
	0,40,39
	0,43,28
	0,44,26
	0,45,24
	0,43,27
	0,42,28
	0,42,27
	0,44,29
	0,43,33
	0,45,25
	0,44,25
	0,40,30
	0,44,28
	0,44,31
	0,46,24
	0,45,30
net188	The number of pins: 32
	0,42,31
	0,35,30
	0,39,30
	0,26,39
	0,33,39
	0,25,46
	0,45,33
	0,36,32
	0,26,46
	0,33,39
	0,44,27
	0,39,39
	0,42,28
	0,42,27
	0,40,39
	0,43,27
	0,45,31
	0,46,28
	0,46,25
	0,46,30
	0,47,27
	0,47,26
	0,46,27
	0,45,26
	0,45,27
	0,45,27
	0,46,30
	0,46,29
	0,44,28
	0,45,28
	0,46,30
	0,44,27
net189	The number of pins: 32
	0,29,45
	0,27,45
	0,31,46
	0,46,51
	0,26,48
	0,29,50
	0,25,50
	0,18,54
	0,47,53
	0,20,56
	0,45,56
	0,47,57
	0,45,56
	0,18,57
	0,47,55
	0,18,57
	0,43,65
	0,43,63
	0,44,65
	0,42,65
	0,42,64
	0,43,64
	0,42,63
	0,43,63
	0,44,64
	0,43,65
	0,43,63
	0,44,63
	0,44,64
	0,44,63
	0,43,63
	0,43,64
net190	The number of pins: 32
	0,41,30
	0,26,33
	0,39,33
	0,26,39
	0,43,35
	0,43,40
	0,26,46
	0,28,48
	0,40,39
	0,43,33
	0,40,30
	0,39,46
	0,26,46
	0,44,31
	0,45,30
	0,44,31
	0,38,48
	0,42,28
	0,43,32
	0,46,35
	0,46,35
	0,46,31
	0,43,31
	0,47,30
	0,44,32
	0,45,36
	0,44,33
	0,41,31
	0,45,30
	0,47,30
	0,44,31
	0,45,34
net191	The number of pins: 32
	0,39,30
	0,41,30
	0,38,37
	0,39,36
	0,44,36
	0,44,34
	0,39,39
	0,46,34
	0,46,29
	0,43,28
	0,44,31
	0,41,38
	0,46,30
	0,44,28
	0,45,31
	0,46,32
	0,43,32
	0,46,35
	0,46,35
	0,46,31
	0,48,30
	0,45,29
	0,44,32
	0,45,36
	0,44,33
	0,45,28
	0,47,29
	0,44,28
	0,45,30
	0,47,30
	0,44,31
	0,45,34
net192	The number of pins: 32
	0,12,25
	0,9,22
	0,6,24
	0,4,22
	0,3,23
	0,6,23
	0,5,22
	0,4,24
	0,4,25
	0,5,23
	0,4,23
	0,5,23
	0,3,22
	0,5,24
	0,5,24
	0,4,22
	0,3,24
	0,3,22
	0,5,23
	0,2,23
	0,3,23
	0,2,24
	0,2,25
	0,2,22
	0,2,22
	0,2,24
	0,7,27
	0,18,25
	0,30,25
	0,24,26
	0,29,26
	0,32,27
net193	The number of pins: 32
	0,53,10
	0,54,9
	0,53,9
	0,54,9
	0,53,9
	0,54,9
	0,48,15
	0,56,9
	0,55,9
	0,53,8
	0,56,9
	0,47,11
	0,53,9
	0,55,8
	0,53,9
	0,55,9
	0,55,9
	0,54,8
	0,54,8
	0,40,17
	0,43,14
	0,37,18
	0,28,19
	0,31,19
	0,28,18
	0,27,20
	0,54,9
	0,52,12
	0,45,14
	0,54,12
	0,51,13
	0,51,16
net194	The number of pins: 32
	0,44,33
	0,32,38
	0,43,35
	0,44,36
	0,46,29
	0,44,29
	0,43,33
	0,43,28
	0,37,31
	0,46,29
	0,47,27
	0,46,27
	0,33,33
	0,33,36
	0,45,28
	0,46,30
	0,45,29
	0,47,32
	0,45,26
	0,44,31
	0,47,30
	0,47,29
	0,45,28
	0,47,31
	0,41,32
	0,45,27
	0,47,30
	0,47,31
	0,45,28
	0,45,26
	0,44,30
	0,46,26
net195	The number of pins: 32
	0,27,44
	0,26,44
	0,29,45
	0,37,46
	0,38,49
	0,32,49
	0,39,51
	0,34,51
	0,29,51
	0,34,54
	0,32,53
	0,39,55
	0,37,56
	0,37,56
	0,35,56
	0,38,58
	0,34,57
	0,34,56
	0,35,57
	0,37,57
	0,39,58
	0,38,58
	0,35,58
	0,36,58
	0,39,59
	0,37,58
	0,38,58
	0,37,59
	0,36,57
	0,39,58
	0,38,58
	0,36,58
net196	The number of pins: 32
	0,41,37
	0,38,37
	0,36,37
	0,39,36
	0,28,39
	0,41,43
	0,42,48
	0,26,52
	0,42,55
	0,41,51
	0,43,55
	0,43,50
	0,41,52
	0,43,49
	0,42,51
	0,42,40
	0,41,52
	0,30,56
	0,44,34
	0,40,54
	0,42,53
	0,40,52
	0,41,53
	0,37,55
	0,42,50
	0,41,51
	0,42,53
	0,42,53
	0,40,56
	0,41,55
	0,41,55
	0,41,53
net197	The number of pins: 32
	0,10,24
	0,12,24
	0,11,24
	0,11,24
	0,13,24
	0,12,22
	0,10,23
	0,15,24
	0,10,23
	0,11,22
	0,9,21
	0,10,19
	0,9,19
	0,9,22
	0,10,21
	0,11,19
	0,9,20
	0,10,19
	0,12,19
	0,11,22
	0,13,19
	0,12,21
	0,12,20
	0,9,20
	0,9,21
	0,33,20
	0,17,24
	0,33,23
	0,21,24
	0,12,24
	0,31,26
	0,33,25
net198	The number of pins: 32
	0,21,15
	0,17,10
	0,16,10
	0,14,14
	0,18,12
	0,17,9
	0,17,9
	0,14,15
	0,16,12
	0,15,15
	0,15,11
	0,17,10
	0,18,14
	0,17,12
	0,15,15
	0,16,13
	0,15,16
	0,17,11
	0,15,13
	0,15,12
	0,15,11
	0,15,11
	0,15,12
	0,16,11
	0,16,12
	0,15,12
	0,25,14
	0,25,13
	0,21,23
	0,15,25
	0,24,23
	0,26,26
net199	The number of pins: 32
	0,18,38
	0,21,38
	0,21,38
	0,20,43
	0,1,51
	0,2,51
	0,17,43
	0,21,41
	0,2,51
	0,1,51
	0,2,51
	0,3,49
	0,0,51
	0,0,52
	0,0,51
	0,4,51
	0,2,50
	0,0,51
	0,0,52
	0,20,47
	0,0,51
	0,1,52
	0,1,51
	0,1,51
	0,2,52
	0,0,53
	0,1,53
	0,0,53
	0,17,50
	0,17,51
	0,8,51
	0,1,53
net200	The number of pins: 32
	0,8,23
	0,8,22
	0,7,23
	0,8,24
	0,7,22
	0,7,24
	0,7,25
	0,7,24
	0,6,33
	0,7,26
	0,8,24
	0,7,32
	0,9,27
	0,7,24
	0,9,33
	0,7,26
	0,7,23
	0,9,31
	0,11,27
	0,8,27
	0,7,30
	0,8,31
	0,9,31
	0,9,32
	0,8,32
	0,21,27
	0,9,27
	0,15,29
	0,19,30
	0,19,31
	0,17,34
	0,21,36
net201	The number of pins: 32
	0,20,38
	0,17,40
	0,18,42
	0,18,44
	0,18,44
	0,1,55
	0,2,54
	0,0,55
	0,0,54
	0,0,54
	0,3,54
	0,15,54
	0,10,53
	0,1,53
	0,0,53
	0,1,54
	0,0,54
	0,16,54
	0,13,56
	0,1,54
	0,1,53
	0,1,56
	0,1,55
	0,2,54
	0,4,53
	0,5,53
	0,1,54
	0,1,54
	0,0,54
	0,0,55
	0,4,54
	0,2,55
net202	The number of pins: 32
	0,18,38
	0,19,38
	0,16,38
	0,0,48
	0,0,46
	0,1,47
	0,2,45
	0,0,48
	0,0,45
	0,1,47
	0,2,46
	0,3,45
	0,1,46
	0,2,47
	0,0,47
	0,1,45
	0,2,47
	0,0,47
	0,0,47
	0,22,41
	0,7,42
	0,7,47
	0,0,46
	0,0,45
	0,1,46
	0,1,47
	0,1,47
	0,13,43
	0,7,42
	0,3,47
	0,16,42
	0,11,50
net203	The number of pins: 32
	0,11,37
	0,6,37
	0,6,38
	0,5,42
	0,14,37
	0,7,40
	0,7,39
	0,5,39
	0,7,40
	0,6,40
	0,9,39
	0,6,39
	0,7,38
	0,23,39
	0,21,39
	0,9,39
	0,8,38
	0,7,39
	0,8,37
	0,8,37
	0,23,40
	0,19,41
	0,5,42
	0,6,42
	0,14,45
	0,7,43
	0,13,47
	0,19,45
	0,13,49
	0,23,44
	0,23,48
	0,19,42
net204	The number of pins: 32
	0,26,5
	0,19,9
	0,19,8
	0,20,7
	0,20,8
	0,27,4
	0,27,4
	0,27,4
	0,25,4
	0,20,8
	0,20,9
	0,25,6
	0,24,6
	0,21,6
	0,20,6
	0,20,7
	0,19,7
	0,20,5
	0,25,7
	0,25,6
	0,24,7
	0,20,6
	0,19,10
	0,20,10
	0,19,10
	0,19,17
	0,27,13
	0,26,16
	0,26,18
	0,28,18
	0,18,16
	0,27,18
net205	The number of pins: 32
	0,14,19
	0,13,19
	0,15,18
	0,12,23
	0,15,17
	0,15,18
	0,16,18
	0,13,21
	0,17,15
	0,14,19
	0,13,21
	0,16,15
	0,16,17
	0,10,20
	0,15,16
	0,13,18
	0,11,21
	0,31,17
	0,13,20
	0,11,21
	0,11,22
	0,11,22
	0,18,18
	0,12,19
	0,16,17
	0,17,16
	0,11,23
	0,10,22
	0,33,20
	0,33,23
	0,31,24
	0,28,24
net206	The number of pins: 32
	0,10,34
	0,10,35
	0,13,36
	0,9,36
	0,13,34
	0,1,44
	0,2,44
	0,0,45
	0,1,45
	0,3,45
	0,1,44
	0,0,45
	0,2,46
	0,0,44
	0,1,44
	0,0,44
	0,2,45
	0,1,45
	0,1,45
	0,4,41
	0,0,44
	0,15,40
	0,14,44
	0,4,45
	0,0,44
	0,12,41
	0,13,44
	0,8,47
	0,15,42
	0,16,45
	0,9,46
	0,5,46
net207	The number of pins: 31
	0,23,9
	0,21,9
	0,18,9
	0,22,7
	0,23,7
	0,23,7
	0,24,7
	0,23,9
	0,26,7
	0,18,7
	0,18,9
	0,19,8
	0,26,9
	0,22,9
	0,22,9
	0,24,7
	0,18,8
	0,20,9
	0,19,10
	0,20,10
	0,15,9
	0,21,9
	0,21,9
	0,19,10
	0,19,9
	0,20,13
	0,29,13
	0,30,12
	0,28,18
	0,27,18
	0,14,31
net208	The number of pins: 31
	0,23,40
	0,21,40
	0,8,42
	0,8,41
	0,6,42
	0,6,46
	0,23,40
	0,17,47
	0,6,49
	0,13,47
	0,12,49
	0,7,49
	0,5,52
	0,4,50
	0,8,49
	0,5,49
	0,13,54
	0,8,54
	0,4,50
	0,7,50
	0,8,54
	0,8,53
	0,23,51
	0,13,54
	0,15,54
	0,6,53
	0,10,52
	0,8,54
	0,5,51
	0,26,52
	0,26,52
net209	The number of pins: 31
	0,43,36
	0,37,37
	0,34,37
	0,28,38
	0,26,39
	0,25,39
	0,39,37
	0,40,39
	0,42,55
	0,42,48
	0,41,54
	0,42,52
	0,40,53
	0,42,40
	0,40,55
	0,41,40
	0,41,54
	0,41,52
	0,40,54
	0,41,53
	0,40,52
	0,37,55
	0,31,55
	0,37,55
	0,42,50
	0,36,56
	0,41,51
	0,42,53
	0,42,53
	0,41,55
	0,41,53
net210	The number of pins: 31
	0,34,37
	0,38,37
	0,33,38
	0,34,40
	0,36,41
	0,29,53
	0,39,55
	0,31,53
	0,36,56
	0,37,57
	0,39,39
	0,29,57
	0,33,57
	0,33,57
	0,29,56
	0,30,56
	0,31,57
	0,32,58
	0,31,57
	0,35,57
	0,30,56
	0,33,58
	0,32,57
	0,34,57
	0,34,57
	0,34,58
	0,32,57
	0,34,57
	0,33,57
	0,34,58
	0,32,58
net211	The number of pins: 31
	0,25,43
	0,35,45
	0,39,48
	0,38,46
	0,39,49
	0,33,52
	0,34,54
	0,29,51
	0,29,53
	0,37,55
	0,36,56
	0,32,53
	0,38,48
	0,37,59
	0,33,58
	0,31,58
	0,33,59
	0,35,59
	0,31,58
	0,32,58
	0,32,58
	0,35,58
	0,36,57
	0,35,57
	0,36,59
	0,37,57
	0,36,57
	0,38,59
	0,38,60
	0,36,58
	0,35,60
net212	The number of pins: 31
	0,44,39
	0,33,41
	0,41,42
	0,31,41
	0,44,43
	0,39,55
	0,34,46
	0,39,55
	0,33,46
	0,42,52
	0,41,52
	0,43,57
	0,29,55
	0,42,57
	0,38,54
	0,31,55
	0,39,54
	0,43,52
	0,43,57
	0,39,57
	0,35,56
	0,30,54
	0,40,57
	0,43,51
	0,44,57
	0,38,57
	0,42,57
	0,41,57
	0,44,57
	0,44,57
	0,41,58
net213	The number of pins: 31
	0,13,5
	0,9,4
	0,8,5
	0,9,6
	0,17,9
	0,9,3
	0,9,3
	0,9,4
	0,9,4
	0,9,5
	0,8,4
	0,8,3
	0,9,4
	0,9,4
	0,9,6
	0,9,3
	0,9,5
	0,9,4
	0,8,4
	0,16,9
	0,13,11
	0,14,11
	0,15,10
	0,18,7
	0,14,10
	0,14,12
	0,9,20
	0,14,11
	0,26,10
	0,26,20
	0,17,22
net214	The number of pins: 31
	0,24,45
	0,21,45
	0,27,47
	0,33,48
	0,23,53
	0,21,53
	0,21,53
	0,24,55
	0,22,57
	0,24,58
	0,27,58
	0,24,58
	0,34,48
	0,26,60
	0,30,60
	0,26,60
	0,30,60
	0,30,61
	0,31,60
	0,30,60
	0,26,59
	0,29,60
	0,28,62
	0,30,60
	0,27,61
	0,25,60
	0,25,59
	0,27,61
	0,26,61
	0,26,61
	0,26,59
net215	The number of pins: 31
	0,22,43
	0,22,47
	0,25,44
	0,22,51
	0,21,53
	0,21,48
	0,29,54
	0,26,54
	0,30,56
	0,22,42
	0,31,55
	0,29,59
	0,28,60
	0,26,59
	0,25,58
	0,24,60
	0,28,61
	0,28,60
	0,28,61
	0,26,60
	0,25,60
	0,24,60
	0,29,61
	0,29,60
	0,27,60
	0,25,60
	0,24,59
	0,24,59
	0,26,59
	0,24,60
	0,24,60
net216	The number of pins: 31
	0,14,13
	0,13,12
	0,13,15
	0,14,12
	0,14,14
	0,13,15
	0,13,12
	0,14,14
	0,15,15
	0,15,13
	0,15,14
	0,14,13
	0,13,13
	0,13,13
	0,12,12
	0,12,13
	0,14,15
	0,14,12
	0,16,15
	0,11,14
	0,11,14
	0,12,13
	0,16,16
	0,12,14
	0,12,14
	0,12,14
	0,9,20
	0,7,20
	0,17,16
	0,8,22
	0,9,22
net217	The number of pins: 30
	0,14,33
	0,14,33
	0,16,33
	0,13,33
	0,16,33
	0,24,45
	0,21,45
	0,9,49
	0,17,48
	0,11,49
	0,15,48
	0,8,49
	0,21,45
	0,5,40
	0,7,46
	0,4,46
	0,4,37
	0,6,37
	0,8,46
	0,7,37
	0,6,38
	0,4,44
	0,3,44
	0,4,36
	0,6,39
	0,4,43
	0,6,45
	0,5,44
	0,5,43
	0,6,45
net218	The number of pins: 30
	0,16,47
	0,7,45
	0,19,45
	0,8,43
	0,7,43
	0,8,43
	0,26,43
	0,29,45
	0,17,49
	0,15,48
	0,8,55
	0,6,55
	0,8,54
	0,8,53
	0,9,52
	0,9,54
	0,7,54
	0,13,54
	0,15,54
	0,15,55
	0,10,52
	0,6,54
	0,8,54
	0,7,50
	0,7,54
	0,6,51
	0,29,53
	0,29,51
	0,28,53
	0,23,55
net219	The number of pins: 30
	0,37,45
	0,35,46
	0,40,47
	0,40,48
	0,40,53
	0,28,51
	0,28,53
	0,28,48
	0,28,52
	0,39,46
	0,33,56
	0,41,57
	0,40,57
	0,39,57
	0,40,58
	0,39,57
	0,40,58
	0,33,55
	0,40,57
	0,40,57
	0,39,58
	0,39,58
	0,33,55
	0,39,57
	0,40,56
	0,38,57
	0,37,57
	0,35,57
	0,37,58
	0,34,57
net220	The number of pins: 30
	0,36,49
	0,37,48
	0,32,49
	0,37,49
	0,30,51
	0,27,52
	0,29,54
	0,24,55
	0,36,55
	0,36,56
	0,35,58
	0,35,57
	0,36,59
	0,32,60
	0,33,59
	0,34,59
	0,34,56
	0,34,59
	0,36,57
	0,35,59
	0,34,59
	0,35,60
	0,34,60
	0,36,58
	0,31,60
	0,32,59
	0,33,60
	0,33,59
	0,36,60
	0,36,60
net221	The number of pins: 30
	0,28,41
	0,24,40
	0,26,42
	0,28,44
	0,26,45
	0,24,49
	0,24,51
	0,23,55
	0,26,54
	0,26,56
	0,24,50
	0,23,58
	0,23,58
	0,26,58
	0,28,41
	0,24,58
	0,24,57
	0,26,58
	0,28,58
	0,28,59
	0,27,59
	0,28,58
	0,25,58
	0,27,57
	0,27,59
	0,27,58
	0,27,57
	0,28,59
	0,25,58
	0,27,58
net222	The number of pins: 30
	0,44,9
	0,46,8
	0,47,6
	0,47,7
	0,48,7
	0,46,7
	0,46,10
	0,47,10
	0,41,11
	0,41,13
	0,47,7
	0,48,6
	0,47,6
	0,41,14
	0,44,9
	0,45,11
	0,46,6
	0,46,7
	0,46,8
	0,44,11
	0,45,12
	0,44,12
	0,32,17
	0,47,11
	0,44,11
	0,33,18
	0,44,13
	0,44,14
	0,32,18
	0,44,14
net223	The number of pins: 29
	0,31,17
	0,11,15
	0,9,14
	0,6,17
	0,7,15
	0,21,15
	0,9,14
	0,16,15
	0,8,15
	0,12,14
	0,9,16
	0,11,15
	0,15,15
	0,13,15
	0,31,17
	0,8,15
	0,9,16
	0,9,15
	0,9,17
	0,8,17
	0,5,24
	0,6,24
	0,5,24
	0,5,24
	0,5,25
	0,5,25
	0,22,21
	0,6,26
	0,28,24
net224	The number of pins: 29
	0,58,15
	0,55,15
	0,59,15
	0,58,14
	0,58,16
	0,57,16
	0,58,15
	0,59,15
	0,55,14
	0,58,14
	0,59,15
	0,58,16
	0,55,15
	0,52,14
	0,59,14
	0,58,14
	0,58,15
	0,55,14
	0,58,15
	0,57,16
	0,57,15
	0,54,14
	0,54,14
	0,57,14
	0,57,15
	0,57,15
	0,55,15
	0,52,16
	0,53,15
net225	The number of pins: 28
	0,28,18
	0,40,31
	0,27,34
	0,44,40
	0,45,44
	0,45,53
	0,26,52
	0,45,54
	0,42,54
	0,43,51
	0,44,55
	0,45,50
	0,39,52
	0,41,51
	0,43,55
	0,43,54
	0,42,55
	0,43,54
	0,43,51
	0,43,54
	0,43,54
	0,41,31
	0,44,52
	0,41,54
	0,42,52
	0,39,52
	0,40,53
	0,36,55
net226	The number of pins: 28
	0,18,41
	0,14,38
	0,3,57
	0,2,56
	0,1,58
	0,3,57
	0,2,57
	0,6,54
	0,2,57
	0,3,57
	0,2,57
	0,3,58
	0,20,39
	0,3,56
	0,3,57
	0,2,58
	0,2,57
	0,2,58
	0,1,57
	0,3,56
	0,19,39
	0,4,56
	0,20,47
	0,7,54
	0,6,54
	0,12,56
	0,11,55
	0,10,56
net227	The number of pins: 28
	0,16,42
	0,5,40
	0,4,40
	0,5,42
	0,4,41
	0,15,45
	0,15,50
	0,8,50
	0,8,52
	0,18,54
	0,4,48
	0,7,50
	0,18,54
	0,6,48
	0,5,46
	0,7,47
	0,5,50
	0,5,48
	0,5,47
	0,4,43
	0,4,48
	0,6,52
	0,5,47
	0,5,46
	0,5,48
	0,4,48
	0,4,48
	0,5,46
net228	The number of pins: 28
	0,40,45
	0,44,46
	0,52,45
	0,40,45
	0,42,45
	0,52,45
	0,51,48
	0,52,48
	0,48,52
	0,50,53
	0,43,51
	0,49,49
	0,44,51
	0,47,51
	0,45,50
	0,41,52
	0,49,53
	0,50,51
	0,47,52
	0,50,52
	0,49,48
	0,52,50
	0,50,50
	0,50,51
	0,51,51
	0,51,50
	0,37,52
	0,37,52
net229	The number of pins: 27
	0,32,30
	0,32,32
	0,46,35
	0,28,38
	0,19,42
	0,17,45
	0,14,48
	0,47,50
	0,47,47
	0,45,49
	0,46,48
	0,46,48
	0,46,46
	0,46,49
	0,42,51
	0,46,50
	0,46,46
	0,45,51
	0,47,44
	0,42,48
	0,45,48
	0,46,50
	0,47,47
	0,44,51
	0,43,32
	0,33,31
	0,42,51
net230	The number of pins: 27
	0,9,40
	0,10,42
	0,5,42
	0,4,42
	0,6,42
	0,12,43
	0,11,44
	0,8,45
	0,13,45
	0,9,47
	0,17,45
	0,8,46
	0,5,43
	0,23,47
	0,21,45
	0,3,42
	0,2,42
	0,3,43
	0,5,45
	0,2,44
	0,4,45
	0,3,43
	0,2,42
	0,3,44
	0,3,42
	0,4,46
	0,2,44
net231	The number of pins: 26
	0,33,39
	0,23,48
	0,29,46
	0,23,47
	0,30,47
	0,23,51
	0,40,52
	0,36,48
	0,40,48
	0,36,55
	0,39,39
	0,41,38
	0,36,56
	0,39,39
	0,35,55
	0,37,56
	0,37,56
	0,40,39
	0,35,56
	0,33,48
	0,27,55
	0,41,38
	0,38,56
	0,22,56
	0,23,55
	0,35,56
net232	The number of pins: 26
	0,27,49
	0,24,49
	0,23,52
	0,24,51
	0,21,53
	0,25,49
	0,24,49
	0,19,58
	0,25,55
	0,20,58
	0,20,58
	0,20,58
	0,29,55
	0,23,58
	0,24,58
	0,23,58
	0,19,58
	0,21,58
	0,24,58
	0,24,57
	0,23,57
	0,20,58
	0,22,58
	0,21,58
	0,21,59
	0,23,59
net233	The number of pins: 25
	0,40,27
	0,57,29
	0,61,29
	0,62,32
	0,61,32
	0,60,33
	0,62,32
	0,62,29
	0,62,32
	0,40,26
	0,61,33
	0,62,29
	0,62,33
	0,61,32
	0,61,32
	0,62,32
	0,60,33
	0,62,29
	0,62,30
	0,47,48
	0,61,47
	0,62,32
	0,60,32
	0,60,46
	0,62,29
net234	The number of pins: 25
	0,7,17
	0,13,14
	0,8,16
	0,8,17
	0,8,14
	0,7,17
	0,7,14
	0,7,15
	0,6,16
	0,8,15
	0,7,15
	0,7,16
	0,6,15
	0,35,17
	0,15,17
	0,7,14
	0,7,16
	0,32,18
	0,18,29
	0,14,22
	0,9,18
	0,11,21
	0,17,21
	0,11,29
	0,15,30
net235	The number of pins: 25
	0,7,31
	0,11,31
	0,8,36
	0,8,31
	0,4,42
	0,8,37
	0,14,45
	0,6,55
	0,13,49
	0,5,50
	0,5,51
	0,13,54
	0,6,44
	0,6,49
	0,8,54
	0,4,50
	0,7,55
	0,6,55
	0,8,52
	0,9,54
	0,6,46
	0,7,54
	0,18,55
	0,14,55
	0,7,46
net236	The number of pins: 24
	0,22,36
	0,21,35
	0,22,42
	0,20,44
	0,17,48
	0,8,49
	0,15,50
	0,18,52
	0,8,49
	0,5,48
	0,6,46
	0,22,52
	0,6,47
	0,8,46
	0,6,47
	0,4,44
	0,4,44
	0,4,43
	0,6,45
	0,23,56
	0,23,36
	0,5,44
	0,5,43
	0,6,45
net237	The number of pins: 24
	0,8,33
	0,7,36
	0,10,32
	0,8,36
	0,5,35
	0,9,38
	0,7,39
	0,4,35
	0,6,37
	0,7,37
	0,6,36
	0,7,38
	0,7,37
	0,6,38
	0,7,41
	0,8,40
	0,9,38
	0,9,39
	0,8,41
	0,8,45
	0,11,44
	0,8,45
	0,7,43
	0,7,44
net238	The number of pins: 23
	0,42,15
	0,48,12
	0,49,14
	0,48,13
	0,49,14
	0,49,17
	0,49,14
	0,41,17
	0,49,15
	0,49,15
	0,49,16
	0,49,17
	0,44,12
	0,43,17
	0,50,14
	0,43,15
	0,43,13
	0,23,17
	0,18,17
	0,48,13
	0,20,18
	0,16,18
	0,50,16
net239	The number of pins: 23
	0,10,42
	0,13,45
	0,14,49
	0,13,49
	0,9,47
	0,14,48
	0,4,43
	0,6,46
	0,7,46
	0,4,48
	0,2,42
	0,2,42
	0,3,43
	0,5,45
	0,1,44
	0,4,45
	0,3,43
	0,21,48
	0,3,44
	0,21,48
	0,5,48
	0,7,46
	0,2,44
net240	The number of pins: 23
	0,12,39
	0,1,41
	0,14,38
	0,12,39
	0,12,39
	0,4,40
	0,3,40
	0,6,42
	0,2,41
	0,6,41
	0,5,41
	0,5,39
	0,3,41
	0,3,41
	0,2,40
	0,4,41
	0,1,42
	0,3,39
	0,11,43
	0,8,45
	0,6,45
	0,13,45
	0,8,44
net241	The number of pins: 23
	0,45,38
	0,45,38
	0,51,39
	0,53,42
	0,45,41
	0,53,39
	0,52,45
	0,43,39
	0,53,47
	0,51,45
	0,47,47
	0,50,47
	0,48,46
	0,51,45
	0,47,46
	0,43,39
	0,53,45
	0,47,45
	0,53,45
	0,51,45
	0,49,46
	0,52,45
	0,46,48
net242	The number of pins: 22
	0,41,23
	0,42,17
	0,42,17
	0,35,21
	0,42,18
	0,40,25
	0,40,21
	0,43,20
	0,35,23
	0,37,25
	0,35,23
	0,36,23
	0,40,23
	0,43,20
	0,25,23
	0,35,22
	0,22,24
	0,18,24
	0,26,23
	0,25,24
	0,22,24
	0,27,24
net243	The number of pins: 22
	0,33,12
	0,50,11
	0,33,13
	0,33,11
	0,50,11
	0,51,9
	0,31,11
	0,52,9
	0,50,9
	0,50,9
	0,51,10
	0,51,11
	0,49,11
	0,51,10
	0,50,10
	0,51,9
	0,46,13
	0,42,12
	0,49,12
	0,47,13
	0,48,14
	0,52,14
net244	The number of pins: 22
	0,17,22
	0,8,23
	0,9,24
	0,13,25
	0,10,24
	0,8,25
	0,10,26
	0,9,24
	0,8,23
	0,7,24
	0,15,27
	0,8,24
	0,9,24
	0,7,25
	0,9,26
	0,7,25
	0,9,27
	0,8,27
	0,10,28
	0,10,28
	0,16,28
	0,8,27
net245	The number of pins: 22
	0,42,11
	0,41,7
	0,42,7
	0,41,6
	0,42,12
	0,42,6
	0,43,14
	0,42,6
	0,42,6
	0,41,6
	0,41,12
	0,40,12
	0,41,11
	0,30,12
	0,30,12
	0,41,14
	0,43,12
	0,42,12
	0,42,14
	0,43,12
	0,30,14
	0,31,15
net246	The number of pins: 22
	0,16,40
	0,13,41
	0,16,62
	0,16,62
	0,17,62
	0,17,63
	0,16,42
	0,16,63
	0,17,63
	0,16,63
	0,16,63
	0,17,63
	0,14,45
	0,15,63
	0,16,63
	0,14,51
	0,15,63
	0,15,58
	0,17,59
	0,16,61
	0,14,53
	0,17,62
net247	The number of pins: 21
	0,55,20
	0,57,23
	0,54,20
	0,58,22
	0,58,24
	0,57,21
	0,59,23
	0,54,23
	0,57,22
	0,57,22
	0,57,21
	0,49,23
	0,18,23
	0,50,20
	0,49,20
	0,55,21
	0,58,20
	0,17,28
	0,51,27
	0,52,25
	0,53,28
net248	The number of pins: 21
	0,13,1
	0,17,0
	0,15,2
	0,17,0
	0,13,2
	0,15,0
	0,15,2
	0,18,0
	0,18,1
	0,17,0
	0,17,0
	0,15,1
	0,15,1
	0,17,1
	0,18,0
	0,16,0
	0,16,0
	0,16,1
	0,28,2
	0,17,2
	0,17,1
net249	The number of pins: 20
	0,11,31
	0,9,36
	0,11,31
	0,9,31
	0,7,36
	0,8,32
	0,8,34
	0,23,34
	0,8,36
	0,9,39
	0,18,39
	0,20,40
	0,8,41
	0,24,38
	0,24,39
	0,8,43
	0,8,43
	0,9,44
	0,23,47
	0,12,49
net250	The number of pins: 20
	0,22,18
	0,18,20
	0,16,18
	0,13,20
	0,23,18
	0,17,20
	0,20,20
	0,28,23
	0,27,23
	0,13,20
	0,13,23
	0,23,22
	0,13,21
	0,18,25
	0,13,22
	0,17,27
	0,16,26
	0,17,25
	0,16,36
	0,13,39
net251	The number of pins: 20
	0,38,12
	0,39,12
	0,38,13
	0,39,12
	0,39,14
	0,40,14
	0,40,12
	0,39,14
	0,30,13
	0,38,13
	0,40,12
	0,40,14
	0,38,12
	0,41,14
	0,29,15
	0,41,15
	0,41,15
	0,31,13
	0,29,14
	0,42,14
net252	The number of pins: 19
	0,35,10
	0,41,12
	0,39,11
	0,26,11
	0,26,10
	0,41,12
	0,41,12
	0,40,11
	0,38,11
	0,21,14
	0,39,11
	0,45,16
	0,24,14
	0,24,14
	0,42,13
	0,45,13
	0,22,16
	0,45,16
	0,21,17
net253	The number of pins: 19
	0,64,31
	0,64,33
	0,64,33
	0,64,33
	0,63,32
	0,64,33
	0,64,32
	0,64,32
	0,63,32
	0,64,32
	0,64,32
	0,64,32
	0,64,30
	0,64,32
	0,63,30
	0,63,33
	0,63,32
	0,64,30
	0,64,33
net254	The number of pins: 18
	0,38,11
	0,25,9
	0,39,11
	0,34,12
	0,38,11
	0,36,12
	0,26,13
	0,35,11
	0,25,12
	0,34,13
	0,35,11
	0,26,12
	0,24,12
	0,24,12
	0,26,11
	0,33,12
	0,38,12
	0,36,13
net255	The number of pins: 17
	0,59,46
	0,59,48
	0,59,49
	0,57,54
	0,58,53
	0,59,50
	0,58,51
	0,58,52
	0,58,51
	0,59,48
	0,59,51
	0,59,51
	0,59,47
	0,60,50
	0,60,47
	0,58,48
	0,59,47
net256	The number of pins: 17
	0,30,55
	0,27,54
	0,23,55
	0,24,57
	0,30,54
	0,29,57
	0,30,56
	0,29,57
	0,27,56
	0,26,57
	0,28,57
	0,27,56
	0,27,57
	0,24,57
	0,25,57
	0,29,57
	0,26,57
net257	The number of pins: 16
	0,25,36
	0,32,36
	0,25,38
	0,26,38
	0,43,36
	0,43,36
	0,41,40
	0,43,39
	0,40,52
	0,39,55
	0,36,55
	0,30,54
	0,41,50
	0,39,54
	0,40,55
	0,28,54
net258	The number of pins: 16
	0,22,22
	0,19,22
	0,21,24
	0,19,27
	0,19,24
	0,21,24
	0,20,25
	0,19,23
	0,20,33
	0,25,33
	0,20,33
	0,25,33
	0,23,33
	0,25,33
	0,24,30
	0,25,31
net259	The number of pins: 16
	0,18,26
	0,21,25
	0,20,26
	0,18,26
	0,17,27
	0,21,27
	0,18,29
	0,20,27
	0,24,34
	0,23,34
	0,19,32
	0,21,33
	0,22,33
	0,23,34
	0,20,33
	0,22,36
net260	The number of pins: 16
	0,10,0
	0,10,1
	0,10,0
	0,12,0
	0,11,1
	0,10,0
	0,11,1
	0,10,2
	0,11,0
	0,10,0
	0,10,2
	0,11,0
	0,9,1
	0,9,0
	0,11,0
	0,10,1
net261	The number of pins: 15
	0,8,30
	0,7,29
	0,12,29
	0,16,29
	0,16,29
	0,11,30
	0,11,32
	0,27,31
	0,27,31
	0,28,32
	0,8,42
	0,28,39
	0,28,38
	0,5,42
	0,4,42
net262	The number of pins: 15
	0,8,44
	0,7,44
	0,7,48
	0,13,49
	0,5,50
	0,6,49
	0,5,51
	0,7,49
	0,5,52
	0,4,50
	0,13,54
	0,8,49
	0,8,46
	0,5,49
	0,13,54
net263	The number of pins: 15
	0,28,53
	0,28,47
	0,30,46
	0,28,48
	0,28,52
	0,29,56
	0,28,57
	0,28,57
	0,26,57
	0,28,56
	0,29,55
	0,27,57
	0,27,57
	0,27,56
	0,25,57
net264	The number of pins: 15
	0,50,7
	0,48,8
	0,49,8
	0,47,9
	0,49,8
	0,49,8
	0,49,8
	0,48,8
	0,47,8
	0,46,9
	0,47,11
	0,48,11
	0,47,8
	0,47,8
	0,47,8
net265	The number of pins: 14
	0,49,18
	0,54,21
	0,54,20
	0,53,20
	0,53,18
	0,51,23
	0,51,25
	0,51,27
	0,50,32
	0,51,30
	0,50,33
	0,53,33
	0,49,36
	0,54,36
net266	The number of pins: 14
	0,49,11
	0,48,11
	0,49,11
	0,48,10
	0,47,9
	0,50,9
	0,49,10
	0,49,9
	0,48,11
	0,50,12
	0,49,11
	0,47,9
	0,47,10
	0,48,11
net267	The number of pins: 13
	0,6,43
	0,49,40
	0,14,45
	0,47,54
	0,48,54
	0,48,55
	0,45,53
	0,44,54
	0,44,54
	0,45,55
	0,45,54
	0,45,54
	0,19,54
net268	The number of pins: 13
	0,15,36
	0,15,39
	0,17,36
	0,9,37
	0,15,36
	0,17,39
	0,19,39
	0,22,38
	0,22,39
	0,13,36
	0,17,41
	0,13,41
	0,17,40
net269	The number of pins: 13
	0,27,27
	0,23,29
	0,13,28
	0,12,29
	0,15,29
	0,13,28
	0,16,29
	0,11,26
	0,16,29
	0,12,28
	0,16,28
	0,22,28
	0,16,29
net270	The number of pins: 13
	0,20,25
	0,19,24
	0,21,26
	0,20,25
	0,21,25
	0,19,24
	0,22,24
	0,20,24
	0,22,30
	0,25,30
	0,24,32
	0,24,32
	0,24,30
net271	The number of pins: 13
	0,51,35
	0,49,35
	0,53,35
	0,48,36
	0,51,37
	0,49,36
	0,48,36
	0,49,38
	0,50,40
	0,50,41
	0,49,41
	0,50,37
	0,49,39
net272	The number of pins: 12
	0,18,36
	0,23,38
	0,9,41
	0,49,34
	0,18,37
	0,16,37
	0,15,40
	0,12,39
	0,12,41
	0,12,39
	0,8,40
	0,9,44
net273	The number of pins: 12
	0,17,28
	0,10,29
	0,11,29
	0,8,28
	0,9,28
	0,11,30
	0,11,29
	0,6,35
	0,15,33
	0,18,29
	0,5,40
	0,4,40
net274	The number of pins: 12
	0,43,17
	0,42,17
	0,35,17
	0,41,20
	0,43,20
	0,43,18
	0,43,19
	0,34,23
	0,34,18
	0,35,21
	0,39,19
	0,37,21
net275	The number of pins: 12
	0,18,25
	0,20,26
	0,19,25
	0,22,26
	0,20,27
	0,20,26
	0,20,29
	0,18,30
	0,23,33
	0,21,33
	0,21,33
	0,23,33
net276	The number of pins: 12
	0,52,27
	0,50,30
	0,56,27
	0,49,28
	0,50,29
	0,52,32
	0,51,31
	0,50,33
	0,49,32
	0,49,33
	0,49,33
	0,50,33
net277	The number of pins: 12
	0,20,27
	0,20,27
	0,20,27
	0,20,27
	0,19,27
	0,19,28
	0,22,29
	0,21,29
	0,24,35
	0,21,32
	0,24,34
	0,23,35
net278	The number of pins: 12
	0,53,28
	0,51,28
	0,50,29
	0,51,29
	0,49,30
	0,50,30
	0,50,32
	0,49,34
	0,52,31
	0,51,32
	0,50,34
	0,49,32
net279	The number of pins: 12
	0,18,28
	0,18,26
	0,19,26
	0,22,27
	0,18,27
	0,18,29
	0,22,31
	0,21,28
	0,23,30
	0,23,29
	0,22,27
	0,23,31
net280	The number of pins: 11
	0,22,23
	0,22,23
	0,19,22
	0,19,23
	0,22,23
	0,19,26
	0,19,23
	0,21,25
	0,24,33
	0,24,33
	0,22,33
net281	The number of pins: 11
	0,40,16
	0,37,14
	0,43,14
	0,39,15
	0,38,15
	0,43,16
	0,41,16
	0,44,14
	0,43,16
	0,45,17
	0,43,16
net282	The number of pins: 11
	0,18,27
	0,21,26
	0,19,26
	0,18,27
	0,19,27
	0,21,27
	0,22,30
	0,22,29
	0,24,31
	0,24,34
	0,24,35
net283	The number of pins: 11
	0,15,25
	0,10,26
	0,14,24
	0,21,25
	0,15,25
	0,12,25
	0,11,26
	0,11,26
	0,10,26
	0,13,24
	0,21,26
net284	The number of pins: 10
	0,41,17
	0,45,25
	0,49,19
	0,46,25
	0,46,27
	0,46,26
	0,41,26
	0,49,28
	0,28,29
	0,27,30
net285	The number of pins: 10
	0,28,36
	0,27,36
	0,30,47
	0,30,41
	0,35,49
	0,35,46
	0,33,46
	0,35,46
	0,35,48
	0,31,47
net286	The number of pins: 10
	0,26,37
	0,23,37
	0,26,39
	0,19,37
	0,10,38
	0,18,38
	0,9,41
	0,14,45
	0,26,45
	0,14,47
net287	The number of pins: 10
	0,22,20
	0,16,22
	0,17,21
	0,15,24
	0,14,22
	0,17,27
	0,15,21
	0,18,25
	0,15,28
	0,15,32
net288	The number of pins: 10
	0,52,26
	0,48,24
	0,49,26
	0,50,26
	0,51,31
	0,49,35
	0,49,35
	0,49,42
	0,48,43
	0,48,42
net289	The number of pins: 10
	0,50,26
	0,48,28
	0,52,26
	0,48,29
	0,51,30
	0,52,34
	0,49,35
	0,47,43
	0,48,44
	0,46,43
net290	The number of pins: 10
	0,33,17
	0,34,17
	0,34,21
	0,34,17
	0,34,18
	0,34,17
	0,33,22
	0,30,17
	0,33,21
	0,30,21
net291	The number of pins: 10
	0,26,21
	0,24,21
	0,25,23
	0,25,22
	0,25,21
	0,24,21
	0,24,20
	0,25,21
	0,25,22
	0,25,23
net292	The number of pins: 10
	0,23,29
	0,20,30
	0,24,30
	0,21,33
	0,23,35
	0,19,32
	0,23,33
	0,24,35
	0,24,31
	0,25,35
net293	The number of pins: 10
	0,15,28
	0,16,28
	0,17,33
	0,15,33
	0,14,33
	0,14,33
	0,14,33
	0,16,33
	0,20,34
	0,16,33
net294	The number of pins: 9
	0,26,27
	0,24,32
	0,32,35
	0,34,36
	0,34,39
	0,24,38
	0,34,37
	0,24,39
	0,34,39
net295	The number of pins: 9
	0,28,34
	0,32,36
	0,37,36
	0,28,40
	0,37,37
	0,28,36
	0,43,36
	0,44,40
	0,44,39
net296	The number of pins: 9
	0,25,31
	0,25,32
	0,24,33
	0,27,31
	0,25,34
	0,26,40
	0,27,43
	0,26,47
	0,25,50
net297	The number of pins: 9
	0,50,23
	0,49,24
	0,49,24
	0,50,26
	0,50,31
	0,50,35
	0,50,35
	0,51,36
	0,49,37
net298	The number of pins: 9
	0,51,28
	0,49,27
	0,50,27
	0,48,28
	0,51,32
	0,51,34
	0,50,38
	0,50,37
	0,46,42
net299	The number of pins: 9
	0,21,23
	0,20,24
	0,20,25
	0,21,25
	0,21,28
	0,22,29
	0,22,27
	0,20,29
	0,22,30
net300	The number of pins: 9
	0,22,23
	0,22,22
	0,21,25
	0,21,26
	0,22,27
	0,22,26
	0,22,27
	0,21,28
	0,21,29
net301	The number of pins: 9
	0,19,23
	0,19,27
	0,19,24
	0,18,26
	0,18,25
	0,18,26
	0,19,27
	0,19,26
	0,18,28
net302	The number of pins: 9
	0,22,23
	0,19,24
	0,21,24
	0,20,26
	0,19,26
	0,20,27
	0,20,27
	0,23,29
	0,20,28
net303	The number of pins: 9
	0,20,25
	0,18,26
	0,20,23
	0,19,23
	0,18,28
	0,19,28
	0,18,27
	0,19,28
	0,18,30
net304	The number of pins: 9
	0,19,22
	0,19,22
	0,21,26
	0,19,27
	0,20,26
	0,21,27
	0,21,28
	0,20,27
	0,19,28
net305	The number of pins: 9
	0,19,24
	0,19,26
	0,20,24
	0,19,25
	0,18,29
	0,18,27
	0,20,27
	0,18,29
	0,20,29
net306	The number of pins: 9
	0,22,24
	0,18,27
	0,20,25
	0,17,27
	0,20,26
	0,22,25
	0,20,27
	0,18,27
	0,19,28
net307	The number of pins: 8
	0,17,28
	0,18,31
	0,19,34
	0,19,40
	0,18,41
	0,27,39
	0,16,30
	0,26,40
net308	The number of pins: 8
	0,14,35
	0,10,36
	0,22,35
	0,10,37
	0,18,40
	0,21,40
	0,10,42
	0,10,42
net309	The number of pins: 8
	0,22,31
	0,21,30
	0,24,32
	0,24,33
	0,23,32
	0,22,33
	0,25,33
	0,21,33
net310	The number of pins: 8
	0,34,13
	0,35,13
	0,35,13
	0,36,13
	0,35,16
	0,34,13
	0,34,17
	0,37,17
net311	The number of pins: 8
	0,26,14
	0,27,15
	0,25,15
	0,24,19
	0,22,17
	0,22,19
	0,28,20
	0,31,20
net312	The number of pins: 8
	0,25,30
	0,21,30
	0,23,30
	0,23,33
	0,25,36
	0,23,35
	0,26,36
	0,24,36
net313	The number of pins: 8
	0,51,36
	0,49,40
	0,52,41
	0,49,40
	0,52,36
	0,51,36
	0,50,40
	0,46,42
net314	The number of pins: 8
	0,22,32
	0,18,32
	0,19,33
	0,20,32
	0,19,32
	0,20,32
	0,21,32
	0,18,32
net315	The number of pins: 8
	0,60,33
	0,58,34
	0,60,36
	0,58,36
	0,59,34
	0,59,35
	0,62,38
	0,58,37
net316	The number of pins: 8
	0,61,39
	0,58,37
	0,60,38
	0,60,36
	0,59,36
	0,61,37
	0,58,38
	0,60,37
net317	The number of pins: 8
	0,17,48
	0,17,47
	0,16,46
	0,16,48
	0,17,47
	0,18,47
	0,18,48
	0,15,46
net318	The number of pins: 8
	0,20,30
	0,18,30
	0,17,29
	0,19,30
	0,19,30
	0,18,30
	0,17,30
	0,18,30
net319	The number of pins: 7
	0,26,12
	0,23,14
	0,26,12
	0,24,12
	0,21,12
	0,34,12
	0,20,14
net320	The number of pins: 7
	0,21,26
	0,21,26
	0,21,27
	0,23,26
	0,28,30
	0,28,35
	0,22,35
net321	The number of pins: 7
	0,24,36
	0,28,37
	0,34,38
	0,22,37
	0,16,42
	0,33,39
	0,27,37
net322	The number of pins: 7
	0,51,16
	0,50,16
	0,51,18
	0,50,16
	0,52,15
	0,50,19
	0,50,24
net323	The number of pins: 7
	0,52,26
	0,52,28
	0,53,31
	0,53,35
	0,50,36
	0,49,39
	0,49,41
net324	The number of pins: 7
	0,23,29
	0,23,32
	0,25,35
	0,24,36
	0,23,36
	0,25,36
	0,23,35
net325	The number of pins: 7
	0,25,31
	0,23,32
	0,24,32
	0,23,34
	0,22,35
	0,26,35
	0,26,33
net326	The number of pins: 7
	0,25,30
	0,22,30
	0,26,36
	0,24,36
	0,25,36
	0,24,36
	0,23,37
net327	The number of pins: 7
	0,23,33
	0,22,33
	0,23,35
	0,23,35
	0,22,35
	0,22,37
	0,23,37
net328	The number of pins: 7
	0,24,33
	0,24,35
	0,24,35
	0,24,36
	0,24,35
	0,24,37
	0,26,33
net329	The number of pins: 7
	0,51,33
	0,58,30
	0,50,32
	0,57,32
	0,49,35
	0,50,35
	0,49,35
net330	The number of pins: 7
	0,52,34
	0,50,35
	0,49,35
	0,50,35
	0,50,35
	0,51,34
	0,52,34
net331	The number of pins: 7
	0,52,25
	0,52,23
	0,51,26
	0,50,21
	0,50,27
	0,53,24
	0,50,23
net332	The number of pins: 7
	0,53,15
	0,53,16
	0,53,18
	0,53,18
	0,54,19
	0,53,17
	0,54,20
net333	The number of pins: 7
	0,25,35
	0,24,34
	0,26,36
	0,24,36
	0,25,36
	0,26,35
	0,24,38
net334	The number of pins: 7
	0,23,32
	0,23,31
	0,21,32
	0,22,32
	0,23,32
	0,23,33
	0,23,33
net335	The number of pins: 7
	0,49,22
	0,43,23
	0,50,21
	0,48,24
	0,45,23
	0,45,23
	0,49,25
net336	The number of pins: 6
	0,33,25
	0,29,29
	0,28,31
	0,33,29
	0,32,32
	0,34,37
net337	The number of pins: 6
	0,25,30
	0,20,30
	0,24,30
	0,25,33
	0,24,34
	0,22,34
net338	The number of pins: 6
	0,23,30
	0,21,31
	0,21,33
	0,24,33
	0,24,30
	0,20,33
net339	The number of pins: 6
	0,22,32
	0,25,35
	0,24,33
	0,26,35
	0,24,35
	0,25,36
net340	The number of pins: 6
	0,54,30
	0,49,30
	0,51,31
	0,49,32
	0,49,36
	0,50,36
net341	The number of pins: 6
	0,25,30
	0,26,33
	0,23,32
	0,23,35
	0,23,35
	0,26,36
net342	The number of pins: 6
	0,49,28
	0,51,28
	0,52,29
	0,51,31
	0,51,29
	0,48,36
net343	The number of pins: 6
	0,24,32
	0,24,32
	0,26,33
	0,26,36
	0,26,35
	0,25,36
net344	The number of pins: 6
	0,25,30
	0,24,30
	0,24,30
	0,24,37
	0,24,38
	0,24,37
net345	The number of pins: 6
	0,37,17
	0,49,17
	0,37,15
	0,48,17
	0,46,17
	0,49,18
net346	The number of pins: 6
	0,43,21
	0,45,21
	0,43,24
	0,49,22
	0,43,24
	0,49,24
net347	The number of pins: 6
	0,23,32
	0,22,30
	0,22,30
	0,22,32
	0,23,30
	0,23,31
net348	The number of pins: 6
	0,51,22
	0,52,21
	0,52,23
	0,52,23
	0,51,23
	0,52,27
net349	The number of pins: 6
	0,14,32
	0,14,31
	0,11,33
	0,11,33
	0,12,33
	0,14,35
net350	The number of pins: 6
	0,51,37
	0,48,38
	0,50,36
	0,54,38
	0,52,39
	0,48,36
net351	The number of pins: 6
	0,61,16
	0,61,25
	0,61,17
	0,61,20
	0,61,21
	0,61,35
net352	The number of pins: 6
	0,52,22
	0,54,22
	0,53,23
	0,53,24
	0,53,26
	0,53,28
net353	The number of pins: 6
	0,60,34
	0,61,35
	0,60,33
	0,59,35
	0,60,35
	0,61,35
net354	The number of pins: 6
	0,52,38
	0,52,39
	0,55,38
	0,54,38
	0,52,39
	0,53,40
net355	The number of pins: 6
	0,40,23
	0,40,25
	0,41,23
	0,43,23
	0,43,25
	0,43,23
net356	The number of pins: 6
	0,51,27
	0,49,27
	0,50,26
	0,48,27
	0,51,26
	0,50,26
net357	The number of pins: 6
	0,56,36
	0,55,36
	0,52,37
	0,50,38
	0,52,38
	0,56,37
net358	The number of pins: 6
	0,20,30
	0,20,29
	0,19,30
	0,20,29
	0,19,31
	0,18,29
net359	The number of pins: 6
	0,24,32
	0,23,32
	0,24,32
	0,23,32
	0,24,33
	0,24,33
net360	The number of pins: 6
	0,25,30
	0,25,30
	0,23,31
	0,25,30
	0,25,30
	0,25,31
net361	The number of pins: 6
	0,20,30
	0,19,30
	0,19,29
	0,19,30
	0,19,30
	0,20,29
net362	The number of pins: 6
	0,0,66
	0,0,66
	0,0,66
	0,0,66
	0,0,66
	0,0,66
net363	The number of pins: 6
	0,54,6
	0,54,8
	0,55,8
	0,54,6
	0,54,8
	0,54,8
net364	The number of pins: 5
	0,46,42
	0,46,48
	0,45,50
	0,43,52
	0,45,53
net365	The number of pins: 5
	0,47,17
	0,47,21
	0,49,28
	0,48,40
	0,49,42
net366	The number of pins: 5
	0,47,18
	0,48,18
	0,48,30
	0,49,40
	0,49,41
net367	The number of pins: 5
	0,48,18
	0,47,18
	0,48,24
	0,46,42
	0,48,42
net368	The number of pins: 5
	0,26,36
	0,34,40
	0,33,40
	0,37,46
	0,37,49
net369	The number of pins: 5
	0,12,33
	0,10,36
	0,23,34
	0,24,39
	0,10,40
net370	The number of pins: 5
	0,4,41
	0,8,40
	0,8,42
	0,9,44
	0,8,42
net371	The number of pins: 5
	0,22,26
	0,24,29
	0,22,29
	0,22,36
	0,30,44
net372	The number of pins: 5
	0,32,27
	0,31,27
	0,33,27
	0,28,34
	0,28,37
net373	The number of pins: 5
	0,50,30
	0,50,30
	0,49,35
	0,49,39
	0,48,39
net374	The number of pins: 5
	0,35,41
	0,29,39
	0,33,42
	0,35,45
	0,36,46
net375	The number of pins: 5
	0,16,24
	0,17,25
	0,18,25
	0,17,35
	0,19,34
net376	The number of pins: 5
	0,44,25
	0,52,30
	0,47,27
	0,47,26
	0,51,27
net377	The number of pins: 5
	0,36,25
	0,41,25
	0,47,24
	0,36,24
	0,50,25
net378	The number of pins: 5
	0,22,30
	0,22,29
	0,20,30
	0,22,35
	0,22,36
net379	The number of pins: 5
	0,49,32
	0,49,32
	0,52,34
	0,53,41
	0,49,41
net380	The number of pins: 5
	0,25,34
	0,24,36
	0,24,36
	0,24,35
	0,26,36
net381	The number of pins: 5
	0,51,26
	0,50,27
	0,51,33
	0,51,31
	0,51,35
net382	The number of pins: 5
	0,15,32
	0,19,32
	0,17,33
	0,20,33
	0,16,33
net383	The number of pins: 5
	0,50,33
	0,50,34
	0,49,33
	0,49,41
	0,50,41
net384	The number of pins: 5
	0,17,24
	0,19,25
	0,18,23
	0,17,26
	0,21,26
net385	The number of pins: 5
	0,20,33
	0,21,29
	0,21,32
	0,21,30
	0,21,32
net386	The number of pins: 5
	0,52,29
	0,52,32
	0,52,31
	0,51,34
	0,51,37
net387	The number of pins: 5
	0,20,31
	0,20,33
	0,23,32
	0,23,34
	0,24,34
net388	The number of pins: 5
	0,19,28
	0,18,28
	0,19,30
	0,21,30
	0,20,30
net389	The number of pins: 5
	0,48,24
	0,49,24
	0,48,28
	0,50,30
	0,48,29
net390	The number of pins: 5
	0,49,26
	0,50,24
	0,49,26
	0,49,28
	0,49,28
net391	The number of pins: 5
	0,19,29
	0,19,29
	0,19,30
	0,21,30
	0,20,30
net392	The number of pins: 5
	0,51,30
	0,52,28
	0,52,27
	0,51,35
	0,54,36
net393	The number of pins: 5
	0,20,29
	0,20,30
	0,21,29
	0,21,29
	0,20,30
net394	The number of pins: 5
	0,19,28
	0,20,29
	0,20,29
	0,19,28
	0,20,29
net395	The number of pins: 5
	0,27,34
	0,27,35
	0,27,35
	0,27,33
	0,25,38
net396	The number of pins: 5
	0,17,21
	0,17,22
	0,17,24
	0,17,24
	0,16,24
net397	The number of pins: 5
	0,20,30
	0,20,28
	0,20,30
	0,20,30
	0,20,30
net398	The number of pins: 5
	0,51,29
	0,50,32
	0,51,27
	0,51,30
	0,51,32
net399	The number of pins: 5
	0,57,26
	0,54,27
	0,53,26
	0,55,26
	0,54,26
net400	The number of pins: 5
	0,36,23
	0,35,23
	0,36,24
	0,36,25
	0,36,23
net401	The number of pins: 5
	0,58,26
	0,58,27
	0,58,28
	0,59,27
	0,60,29
net402	The number of pins: 5
	0,55,26
	0,56,24
	0,54,26
	0,56,25
	0,55,25
net403	The number of pins: 5
	0,61,38
	0,61,39
	0,61,40
	0,62,39
	0,62,37
net404	The number of pins: 5
	0,21,31
	0,21,29
	0,21,30
	0,21,29
	0,21,30
net405	The number of pins: 5
	0,19,28
	0,21,28
	0,20,30
	0,21,31
	0,20,30
net406	The number of pins: 5
	0,21,31
	0,21,32
	0,20,32
	0,22,30
	0,21,33
net407	The number of pins: 5
	0,50,26
	0,50,26
	0,50,27
	0,52,28
	0,51,26
net408	The number of pins: 5
	0,53,23
	0,53,26
	0,54,24
	0,52,29
	0,51,29
net409	The number of pins: 5
	0,18,28
	0,19,29
	0,21,29
	0,21,28
	0,20,28
net410	The number of pins: 5
	0,35,12
	0,34,12
	0,35,12
	0,36,12
	0,35,13
net411	The number of pins: 5
	0,59,25
	0,59,28
	0,58,25
	0,58,27
	0,58,26
net412	The number of pins: 5
	0,38,27
	0,36,27
	0,36,27
	0,38,27
	0,37,27
net413	The number of pins: 5
	0,22,32
	0,22,32
	0,23,33
	0,22,32
	0,23,33
net414	The number of pins: 5
	0,55,38
	0,55,38
	0,55,38
	0,53,37
	0,53,37
net415	The number of pins: 5
	0,20,28
	0,20,29
	0,20,29
	0,20,28
	0,21,29
net416	The number of pins: 5
	0,53,36
	0,53,35
	0,54,36
	0,54,36
	0,54,36
net417	The number of pins: 5
	0,48,6
	0,47,6
	0,48,6
	0,48,6
	0,48,5
net418	The number of pins: 5
	0,8,33
	0,10,32
	0,12,32
	0,12,32
	0,11,32
net419	The number of pins: 5
	0,64,60
	0,64,60
	0,64,60
	0,64,60
	0,64,60
net420	The number of pins: 5
	0,53,55
	0,53,53
	0,53,52
	0,53,56
	0,53,56
net421	The number of pins: 5
	0,63,30
	0,63,32
	0,62,31
	0,62,32
	0,63,30
net422	The number of pins: 5
	0,12,0
	0,12,1
	0,11,0
	0,12,0
	0,13,1
net423	The number of pins: 5
	0,60,0
	0,61,0
	0,61,0
	0,61,0
	0,60,0
net424	The number of pins: 5
	0,37,1
	0,37,1
	0,37,2
	0,37,2
	0,37,1
net425	The number of pins: 5
	0,11,60
	0,12,59
	0,12,59
	0,12,60
	0,12,60
net426	The number of pins: 5
	0,1,2
	0,1,3
	0,1,2
	0,1,2
	0,1,2
net427	The number of pins: 4
	0,31,31
	0,30,32
	0,33,36
	0,26,39
net428	The number of pins: 4
	0,32,36
	0,30,36
	0,33,36
	0,32,39
net429	The number of pins: 4
	0,42,31
	0,42,31
	0,42,32
	0,43,30
net430	The number of pins: 4
	0,41,30
	0,39,31
	0,37,30
	0,39,30
net431	The number of pins: 4
	0,28,22
	0,35,30
	0,36,30
	0,35,30
net432	The number of pins: 4
	0,49,44
	0,49,47
	0,13,48
	0,48,45
net433	The number of pins: 4
	0,17,17
	0,16,18
	0,18,33
	0,19,36
net434	The number of pins: 4
	0,28,15
	0,27,15
	0,28,15
	0,27,15
net435	The number of pins: 4
	0,26,15
	0,26,15
	0,27,14
	0,26,15
net436	The number of pins: 4
	0,24,15
	0,25,15
	0,25,15
	0,25,17
net437	The number of pins: 4
	0,23,16
	0,24,16
	0,23,17
	0,24,18
net438	The number of pins: 4
	0,23,18
	0,23,17
	0,20,19
	0,17,21
net439	The number of pins: 4
	0,20,23
	0,13,27
	0,12,26
	0,15,28
net440	The number of pins: 4
	0,30,19
	0,28,20
	0,28,20
	0,31,20
net441	The number of pins: 4
	0,29,20
	0,30,21
	0,31,20
	0,32,44
net442	The number of pins: 4
	0,25,42
	0,36,43
	0,36,44
	0,36,45
net443	The number of pins: 4
	0,26,37
	0,35,44
	0,35,43
	0,36,45
net444	The number of pins: 4
	0,35,45
	0,36,45
	0,35,45
	0,36,52
net445	The number of pins: 4
	0,35,53
	0,35,52
	0,33,52
	0,37,53
net446	The number of pins: 4
	0,35,52
	0,34,53
	0,36,54
	0,34,54
net447	The number of pins: 4
	0,34,54
	0,38,54
	0,35,54
	0,29,53
net448	The number of pins: 4
	0,36,54
	0,37,54
	0,37,55
	0,38,55
net449	The number of pins: 4
	0,42,50
	0,45,48
	0,43,48
	0,39,49
net450	The number of pins: 4
	0,41,48
	0,39,48
	0,41,50
	0,41,49
net451	The number of pins: 4
	0,41,22
	0,41,48
	0,40,48
	0,38,46
net452	The number of pins: 4
	0,33,42
	0,40,45
	0,40,45
	0,38,45
net453	The number of pins: 4
	0,40,45
	0,37,45
	0,43,47
	0,38,45
net454	The number of pins: 4
	0,44,46
	0,35,45
	0,42,46
	0,44,53
net455	The number of pins: 3
	0,44,52
	0,43,54
	0,40,53
net456	The number of pins: 4
	0,45,53
	0,29,53
	0,44,56
	0,42,55
net457	The number of pins: 4
	0,41,48
	0,43,52
	0,43,51
	0,43,48
net458	The number of pins: 4
	0,43,47
	0,40,47
	0,42,52
	0,41,52
net459	The number of pins: 4
	0,35,41
	0,30,41
	0,42,47
	0,42,45
net460	The number of pins: 4
	0,39,25
	0,40,27
	0,39,26
	0,39,26
net461	The number of pins: 4
	0,39,17
	0,39,16
	0,39,17
	0,38,16
net462	The number of pins: 4
	0,26,22
	0,39,22
	0,40,24
	0,40,32
net463	The number of pins: 4
	0,9,39
	0,12,39
	0,26,39
	0,10,39
net464	The number of pins: 4
	0,25,37
	0,9,39
	0,12,39
	0,13,44
net465	The number of pins: 4
	0,11,44
	0,11,43
	0,14,45
	0,11,45
net466	The number of pins: 4
	0,10,45
	0,8,45
	0,10,44
	0,14,47
net467	The number of pins: 3
	0,10,44
	0,11,44
	0,10,45
net468	The number of pins: 4
	0,8,45
	0,13,45
	0,23,49
	0,8,45
net469	The number of pins: 4
	0,8,45
	0,8,44
	0,6,45
	0,7,45
net470	The number of pins: 4
	0,9,41
	0,8,40
	0,6,42
	0,6,41
net471	The number of pins: 4
	0,16,35
	0,18,34
	0,18,36
	0,18,38
net472	The number of pins: 4
	0,16,16
	0,15,34
	0,18,37
	0,19,37
net473	The number of pins: 4
	0,32,42
	0,29,45
	0,31,45
	0,32,44
net474	The number of pins: 4
	0,32,42
	0,31,46
	0,31,44
	0,32,49
net475	The number of pins: 4
	0,29,49
	0,31,49
	0,29,50
	0,28,49
net476	The number of pins: 3
	0,24,49
	0,30,49
	0,20,54
net477	The number of pins: 4
	0,19,54
	0,18,54
	0,18,54
	0,19,56
net478	The number of pins: 4
	0,18,56
	0,18,57
	0,20,56
	0,26,56
net479	The number of pins: 4
	0,18,55
	0,16,57
	0,16,57
	0,18,57
net480	The number of pins: 4
	0,27,48
	0,27,49
	0,25,50
	0,26,50
net481	The number of pins: 4
	0,27,45
	0,27,47
	0,26,48
	0,26,48
net482	The number of pins: 4
	0,25,26
	0,27,41
	0,27,45
	0,25,45
net483	The number of pins: 4
	0,14,37
	0,15,38
	0,22,42
	0,17,43
net484	The number of pins: 4
	0,15,43
	0,15,43
	0,20,44
	0,18,48
net485	The number of pins: 4
	0,17,48
	0,17,48
	0,17,47
	0,16,51
net486	The number of pins: 4
	0,15,50
	0,15,51
	0,13,51
	0,16,50
net487	The number of pins: 4
	0,18,52
	0,12,51
	0,14,52
	0,11,51
net488	The number of pins: 4
	0,10,51
	0,11,50
	0,10,51
	0,8,49
net489	The number of pins: 4
	0,8,49
	0,7,48
	0,10,50
	0,9,50
net490	The number of pins: 4
	0,15,29
	0,17,28
	0,12,27
	0,13,28
net491	The number of pins: 4
	0,16,35
	0,21,35
	0,15,36
	0,15,36
net492	The number of pins: 4
	0,16,33
	0,17,34
	0,15,35
	0,15,35
net493	The number of pins: 4
	0,15,33
	0,16,34
	0,33,34
	0,17,33
net494	The number of pins: 4
	0,46,38
	0,46,36
	0,48,38
	0,26,38
net495	The number of pins: 4
	0,45,38
	0,46,39
	0,45,38
	0,25,38
net496	The number of pins: 4
	0,45,38
	0,45,39
	0,32,36
	0,49,36
net497	The number of pins: 3
	0,49,36
	0,48,36
	0,43,36
net498	The number of pins: 4
	0,46,48
	0,45,56
	0,44,56
	0,30,55
net499	The number of pins: 4
	0,46,40
	0,43,39
	0,43,39
	0,47,40
net500	The number of pins: 4
	0,43,36
	0,46,41
	0,43,39
	0,45,40
net501	The number of pins: 4
	0,45,41
	0,40,41
	0,45,40
	0,41,40
net502	The number of pins: 4
	0,25,41
	0,19,43
	0,21,41
	0,17,42
net503	The number of pins: 4
	0,25,40
	0,17,43
	0,18,43
	0,20,47
net504	The number of pins: 4
	0,18,47
	0,15,47
	0,23,47
	0,20,47
net505	The number of pins: 3
	0,14,47
	0,15,46
	0,16,50
net506	The number of pins: 4
	0,15,49
	0,17,50
	0,17,50
	0,17,49
net507	The number of pins: 4
	0,21,49
	0,17,51
	0,16,50
	0,11,51
net508	The number of pins: 4
	0,9,51
	0,8,50
	0,10,51
	0,5,49
net509	The number of pins: 4
	0,20,36
	0,19,36
	0,21,38
	0,22,38
net510	The number of pins: 4
	0,18,19
	0,19,36
	0,19,38
	0,19,38
net511	The number of pins: 4
	0,32,20
	0,44,19
	0,45,21
	0,45,21
net512	The number of pins: 4
	0,33,19
	0,44,21
	0,43,21
	0,45,23
net513	The number of pins: 4
	0,43,22
	0,42,23
	0,44,24
	0,33,30
net514	The number of pins: 4
	0,21,17
	0,26,18
	0,20,18
	0,17,19
net515	The number of pins: 4
	0,24,17
	0,20,18
	0,23,17
	0,20,16
net516	The number of pins: 4
	0,18,17
	0,18,15
	0,18,16
	0,18,17
net517	The number of pins: 4
	0,16,18
	0,13,23
	0,13,22
	0,14,22
net518	The number of pins: 4
	0,32,19
	0,30,20
	0,32,19
	0,27,24
net519	The number of pins: 4
	0,27,27
	0,42,26
	0,37,27
	0,38,27
net520	The number of pins: 3
	0,35,24
	0,42,25
	0,42,26
net521	The number of pins: 4
	0,41,26
	0,37,27
	0,41,27
	0,29,32
net522	The number of pins: 4
	0,33,11
	0,29,10
	0,30,12
	0,29,14
net523	The number of pins: 4
	0,31,11
	0,31,11
	0,30,12
	0,29,12
net524	The number of pins: 4
	0,27,14
	0,32,15
	0,31,15
	0,32,15
net525	The number of pins: 4
	0,30,14
	0,30,15
	0,37,14
	0,31,30
net526	The number of pins: 4
	0,36,44
	0,33,43
	0,36,47
	0,37,46
net527	The number of pins: 4
	0,30,40
	0,38,44
	0,36,44
	0,35,43
net528	The number of pins: 4
	0,30,43
	0,37,44
	0,38,45
	0,39,53
net529	The number of pins: 4
	0,37,52
	0,37,53
	0,40,53
	0,41,54
net530	The number of pins: 4
	0,41,49
	0,44,50
	0,43,50
	0,40,48
net531	The number of pins: 4
	0,42,48
	0,42,47
	0,40,47
	0,40,49
net532	The number of pins: 4
	0,39,23
	0,38,38
	0,40,47
	0,41,48
net533	The number of pins: 4
	0,39,32
	0,39,32
	0,41,33
	0,23,39
net534	The number of pins: 4
	0,40,33
	0,39,33
	0,40,33
	0,39,33
net535	The number of pins: 4
	0,45,34
	0,45,33
	0,45,33
	0,44,33
net536	The number of pins: 4
	0,43,33
	0,44,35
	0,44,34
	0,43,39
net537	The number of pins: 4
	0,38,33
	0,44,33
	0,41,33
	0,42,33
net538	The number of pins: 4
	0,44,32
	0,43,33
	0,44,34
	0,43,33
net539	The number of pins: 4
	0,31,34
	0,39,35
	0,41,34
	0,26,39
net540	The number of pins: 4
	0,36,41
	0,37,43
	0,38,42
	0,33,41
net541	The number of pins: 4
	0,36,43
	0,37,42
	0,31,42
	0,36,42
net542	The number of pins: 4
	0,45,42
	0,46,43
	0,44,43
	0,45,42
net543	The number of pins: 4
	0,44,39
	0,44,43
	0,44,43
	0,46,41
net544	The number of pins: 4
	0,41,42
	0,41,43
	0,42,43
	0,42,43
net545	The number of pins: 4
	0,26,42
	0,40,43
	0,25,42
	0,39,44
net546	The number of pins: 4
	0,39,44
	0,35,41
	0,38,44
	0,40,44
net547	The number of pins: 4
	0,40,29
	0,36,29
	0,36,30
	0,39,30
net548	The number of pins: 4
	0,34,30
	0,35,29
	0,33,32
	0,31,38
net549	The number of pins: 4
	0,42,39
	0,43,38
	0,24,39
	0,41,37
net550	The number of pins: 4
	0,48,48
	0,49,45
	0,48,45
	0,46,50
net551	The number of pins: 4
	0,45,34
	0,46,34
	0,46,33
	0,46,35
net552	The number of pins: 4
	0,44,35
	0,44,35
	0,44,36
	0,44,36
net553	The number of pins: 4
	0,35,30
	0,42,34
	0,42,35
	0,42,35
net554	The number of pins: 4
	0,42,36
	0,41,34
	0,41,33
	0,42,37
net555	The number of pins: 4
	0,24,39
	0,15,39
	0,15,40
	0,14,39
net556	The number of pins: 4
	0,24,38
	0,12,39
	0,12,41
	0,12,42
net557	The number of pins: 4
	0,11,42
	0,13,44
	0,10,44
	0,13,45
net558	The number of pins: 3
	0,10,43
	0,11,45
	0,12,44
net559	The number of pins: 4
	0,14,44
	0,10,45
	0,9,46
	0,11,44
net560	The number of pins: 4
	0,7,46
	0,9,46
	0,8,48
	0,9,47
net561	The number of pins: 4
	0,8,47
	0,7,44
	0,8,45
	0,7,48
net562	The number of pins: 4
	0,3,44
	0,4,42
	0,4,45
	0,5,44
net563	The number of pins: 4
	0,11,33
	0,5,36
	0,10,34
	0,5,36
net564	The number of pins: 4
	0,10,36
	0,10,36
	0,9,36
	0,10,36
net565	The number of pins: 4
	0,12,33
	0,8,36
	0,10,35
	0,9,33
net566	The number of pins: 4
	0,12,33
	0,8,33
	0,13,34
	0,16,38
net567	The number of pins: 4
	0,28,19
	0,27,18
	0,30,19
	0,27,27
net568	The number of pins: 4
	0,33,19
	0,28,19
	0,32,19
	0,28,20
net569	The number of pins: 4
	0,27,19
	0,13,21
	0,27,20
	0,17,22
net570	The number of pins: 4
	0,37,18
	0,41,18
	0,41,18
	0,36,20
net571	The number of pins: 4
	0,43,38
	0,42,34
	0,43,35
	0,32,38
net572	The number of pins: 4
	0,45,36
	0,44,36
	0,45,35
	0,44,36
net573	The number of pins: 4
	0,26,39
	0,35,39
	0,37,40
	0,41,40
net574	The number of pins: 4
	0,40,39
	0,40,40
	0,41,41
	0,40,42
net575	The number of pins: 4
	0,40,41
	0,40,39
	0,40,38
	0,39,37
net576	The number of pins: 4
	0,34,38
	0,37,39
	0,38,39
	0,39,38
net577	The number of pins: 4
	0,37,37
	0,37,39
	0,38,39
	0,38,41
net578	The number of pins: 4
	0,38,41
	0,37,41
	0,34,42
	0,24,42
net579	The number of pins: 4
	0,25,16
	0,26,15
	0,27,17
	0,26,18
net580	The number of pins: 4
	0,26,16
	0,26,16
	0,27,16
	0,29,17
net581	The number of pins: 4
	0,27,17
	0,28,17
	0,29,18
	0,27,18
net582	The number of pins: 4
	0,30,16
	0,27,13
	0,30,15
	0,30,17
net583	The number of pins: 4
	0,28,16
	0,30,17
	0,28,18
	0,32,37
net584	The number of pins: 4
	0,24,36
	0,24,42
	0,22,43
	0,22,43
net585	The number of pins: 4
	0,27,30
	0,27,30
	0,26,30
	0,25,31
net586	The number of pins: 4
	0,28,28
	0,28,30
	0,28,29
	0,21,38
net587	The number of pins: 4
	0,24,37
	0,24,42
	0,24,45
	0,24,45
net588	The number of pins: 4
	0,16,43
	0,20,44
	0,26,44
	0,20,46
net589	The number of pins: 4
	0,29,45
	0,19,47
	0,18,46
	0,19,47
net590	The number of pins: 4
	0,16,47
	0,17,47
	0,17,46
	0,16,51
net591	The number of pins: 4
	0,15,51
	0,15,48
	0,16,52
	0,18,53
net592	The number of pins: 4
	0,17,50
	0,16,53
	0,16,52
	0,17,56
net593	The number of pins: 4
	0,15,55
	0,16,55
	0,16,56
	0,16,56
net594	The number of pins: 4
	0,17,58
	0,18,58
	0,28,53
	0,17,57
net595	The number of pins: 4
	0,22,38
	0,18,40
	0,19,40
	0,19,38
net596	The number of pins: 4
	0,21,40
	0,18,41
	0,18,40
	0,31,42
net597	The number of pins: 4
	0,19,13
	0,21,14
	0,21,14
	0,21,16
net598	The number of pins: 4
	0,20,14
	0,24,15
	0,23,14
	0,23,15
net599	The number of pins: 4
	0,24,14
	0,24,14
	0,22,14
	0,23,15
net600	The number of pins: 4
	0,22,15
	0,22,16
	0,21,17
	0,22,16
net601	The number of pins: 4
	0,20,17
	0,17,20
	0,22,17
	0,17,20
net602	The number of pins: 4
	0,27,9
	0,27,9
	0,27,11
	0,26,10
net603	The number of pins: 4
	0,29,9
	0,26,9
	0,27,10
	0,26,22
net604	The number of pins: 4
	0,25,21
	0,27,17
	0,25,22
	0,27,22
net605	The number of pins: 4
	0,27,21
	0,25,19
	0,23,21
	0,25,19
net606	The number of pins: 4
	0,27,23
	0,25,23
	0,30,23
	0,39,25
net607	The number of pins: 4
	0,28,40
	0,21,41
	0,27,40
	0,27,40
net608	The number of pins: 4
	0,22,35
	0,20,40
	0,21,39
	0,18,45
net609	The number of pins: 4
	0,16,45
	0,16,45
	0,15,46
	0,16,47
net610	The number of pins: 4
	0,15,47
	0,14,47
	0,14,50
	0,13,51
net611	The number of pins: 4
	0,12,51
	0,13,52
	0,9,52
	0,12,53
net612	The number of pins: 4
	0,8,50
	0,8,51
	0,8,52
	0,7,52
net613	The number of pins: 4
	0,8,52
	0,8,53
	0,6,51
	0,6,52
net614	The number of pins: 4
	0,14,30
	0,14,38
	0,10,41
	0,10,40
net615	The number of pins: 4
	0,12,36
	0,11,36
	0,12,35
	0,11,37
net616	The number of pins: 4
	0,19,33
	0,12,35
	0,17,36
	0,10,36
net617	The number of pins: 4
	0,31,22
	0,29,30
	0,18,33
	0,19,33
net618	The number of pins: 3
	0,30,26
	0,45,25
	0,31,26
net619	The number of pins: 4
	0,28,25
	0,30,25
	0,30,25
	0,30,26
net620	The number of pins: 4
	0,30,27
	0,31,29
	0,30,29
	0,31,35
net621	The number of pins: 4
	0,18,41
	0,29,41
	0,29,42
	0,26,41
net622	The number of pins: 4
	0,26,37
	0,25,36
	0,25,42
	0,25,43
net623	The number of pins: 4
	0,18,30
	0,14,31
	0,12,33
	0,11,33
net624	The number of pins: 4
	0,34,14
	0,36,14
	0,33,20
	0,37,15
net625	The number of pins: 4
	0,33,14
	0,33,14
	0,32,14
	0,32,17
net626	The number of pins: 4
	0,31,18
	0,31,18
	0,30,18
	0,30,18
net627	The number of pins: 4
	0,34,40
	0,35,47
	0,35,46
	0,35,45
net628	The number of pins: 4
	0,33,40
	0,34,45
	0,33,45
	0,34,50
net629	The number of pins: 4
	0,33,49
	0,33,50
	0,33,49
	0,33,50
net630	The number of pins: 4
	0,32,50
	0,31,51
	0,31,51
	0,32,53
net631	The number of pins: 4
	0,30,52
	0,26,52
	0,32,53
	0,32,55
net632	The number of pins: 4
	0,31,55
	0,31,54
	0,24,55
	0,35,55
net633	The number of pins: 4
	0,34,55
	0,36,55
	0,34,55
	0,41,55
net634	The number of pins: 4
	0,37,50
	0,38,49
	0,37,49
	0,38,49
net635	The number of pins: 4
	0,38,48
	0,36,50
	0,37,48
	0,36,49
net636	The number of pins: 4
	0,40,45
	0,37,46
	0,38,47
	0,37,48
net637	The number of pins: 4
	0,27,13
	0,27,11
	0,29,11
	0,25,14
net638	The number of pins: 4
	0,28,10
	0,28,11
	0,25,11
	0,28,11
net639	The number of pins: 4
	0,27,11
	0,28,12
	0,30,12
	0,27,14
net640	The number of pins: 4
	0,31,10
	0,29,11
	0,31,10
	0,27,12
net641	The number of pins: 4
	0,30,10
	0,29,11
	0,31,11
	0,28,14
net642	The number of pins: 4
	0,16,35
	0,17,36
	0,27,37
	0,16,41
net643	The number of pins: 4
	0,33,39
	0,15,40
	0,15,41
	0,16,44
net644	The number of pins: 4
	0,15,43
	0,15,45
	0,15,44
	0,17,53
net645	The number of pins: 4
	0,15,52
	0,17,53
	0,15,50
	0,17,54
net646	The number of pins: 4
	0,16,54
	0,18,54
	0,11,53
	0,18,54
net647	The number of pins: 4
	0,10,52
	0,9,50
	0,9,53
	0,9,52
net648	The number of pins: 4
	0,8,53
	0,8,53
	0,9,53
	0,8,52
net649	The number of pins: 4
	0,30,37
	0,34,38
	0,29,38
	0,33,37
net650	The number of pins: 4
	0,29,37
	0,29,37
	0,28,38
	0,23,38
net651	The number of pins: 4
	0,22,38
	0,22,37
	0,22,37
	0,15,39
net652	The number of pins: 4
	0,26,36
	0,31,42
	0,31,41
	0,25,42
net653	The number of pins: 4
	0,27,20
	0,44,23
	0,38,21
	0,38,23
net654	The number of pins: 4
	0,22,24
	0,20,26
	0,25,26
	0,24,26
net655	The number of pins: 4
	0,25,24
	0,25,24
	0,24,25
	0,24,40
net656	The number of pins: 4
	0,24,23
	0,26,23
	0,24,24
	0,24,23
net657	The number of pins: 3
	0,23,21
	0,19,22
	0,17,23
net658	The number of pins: 4
	0,18,24
	0,14,23
	0,17,24
	0,14,22
net659	The number of pins: 4
	0,27,24
	0,27,27
	0,27,29
	0,27,30
net660	The number of pins: 4
	0,25,23
	0,26,24
	0,24,23
	0,22,24
net661	The number of pins: 4
	0,21,23
	0,22,24
	0,21,24
	0,21,35
net662	The number of pins: 4
	0,27,26
	0,26,27
	0,27,27
	0,26,27
net663	The number of pins: 4
	0,18,14
	0,18,15
	0,20,15
	0,20,14
net664	The number of pins: 4
	0,19,35
	0,20,38
	0,26,38
	0,18,39
net665	The number of pins: 4
	0,23,38
	0,16,39
	0,22,41
	0,15,44
net666	The number of pins: 4
	0,13,43
	0,13,43
	0,13,43
	0,15,45
net667	The number of pins: 4
	0,9,42
	0,12,43
	0,12,43
	0,7,42
net668	The number of pins: 3
	0,9,42
	0,10,50
	0,11,49
net669	The number of pins: 4
	0,11,50
	0,9,49
	0,7,49
	0,8,50
net670	The number of pins: 4
	0,4,46
	0,8,47
	0,8,49
	0,6,49
net671	The number of pins: 4
	0,3,40
	0,3,45
	0,3,46
	0,2,46
net672	The number of pins: 4
	0,18,38
	0,17,38
	0,18,38
	0,16,37
net673	The number of pins: 4
	0,16,37
	0,32,39
	0,17,38
	0,17,39
net674	The number of pins: 4
	0,39,18
	0,41,20
	0,38,18
	0,37,20
net675	The number of pins: 4
	0,35,17
	0,36,18
	0,36,18
	0,36,18
net676	The number of pins: 4
	0,37,19
	0,34,18
	0,34,18
	0,33,19
net677	The number of pins: 4
	0,36,21
	0,36,22
	0,35,21
	0,39,20
net678	The number of pins: 4
	0,38,19
	0,38,20
	0,41,20
	0,37,21
net679	The number of pins: 4
	0,39,19
	0,31,20
	0,45,20
	0,40,19
net680	The number of pins: 4
	0,31,37
	0,32,39
	0,32,38
	0,34,41
net681	The number of pins: 4
	0,32,40
	0,32,40
	0,33,41
	0,34,47
net682	The number of pins: 4
	0,23,46
	0,32,46
	0,32,46
	0,34,51
net683	The number of pins: 4
	0,32,51
	0,32,51
	0,34,53
	0,34,51
net684	The number of pins: 4
	0,32,52
	0,33,53
	0,34,54
	0,32,53
net685	The number of pins: 4
	0,33,54
	0,32,54
	0,34,54
	0,32,53
net686	The number of pins: 4
	0,39,48
	0,42,51
	0,39,51
	0,39,51
net687	The number of pins: 4
	0,40,49
	0,39,48
	0,38,48
	0,39,48
net688	The number of pins: 4
	0,40,50
	0,39,47
	0,39,49
	0,37,46
net689	The number of pins: 4
	0,30,34
	0,31,39
	0,32,40
	0,28,40
net690	The number of pins: 4
	0,32,39
	0,31,40
	0,32,41
	0,30,40
net691	The number of pins: 4
	0,33,38
	0,30,39
	0,31,39
	0,35,39
net692	The number of pins: 4
	0,21,49
	0,31,48
	0,19,50
	0,19,51
net693	The number of pins: 4
	0,34,39
	0,33,41
	0,35,40
	0,35,40
net694	The number of pins: 4
	0,32,39
	0,34,40
	0,33,39
	0,36,41
net695	The number of pins: 4
	0,49,29
	0,50,29
	0,50,35
	0,50,37
net696	The number of pins: 4
	0,51,25
	0,41,25
	0,48,26
	0,48,26
net697	The number of pins: 4
	0,36,35
	0,35,36
	0,35,34
	0,35,42
net698	The number of pins: 4
	0,25,31
	0,34,34
	0,34,35
	0,35,34
net699	The number of pins: 4
	0,34,35
	0,33,34
	0,34,36
	0,33,35
net700	The number of pins: 4
	0,35,36
	0,36,37
	0,34,38
	0,35,37
net701	The number of pins: 4
	0,35,36
	0,35,35
	0,34,37
	0,35,37
net702	The number of pins: 4
	0,39,27
	0,34,36
	0,35,35
	0,35,41
net703	The number of pins: 4
	0,33,18
	0,34,17
	0,33,19
	0,33,21
net704	The number of pins: 4
	0,33,17
	0,33,18
	0,33,16
	0,33,20
net705	The number of pins: 4
	0,32,18
	0,30,18
	0,30,19
	0,23,19
net706	The number of pins: 4
	0,24,37
	0,32,37
	0,32,40
	0,24,41
net707	The number of pins: 4
	0,37,14
	0,37,15
	0,35,15
	0,32,20
net708	The number of pins: 4
	0,36,15
	0,33,15
	0,36,15
	0,33,19
net709	The number of pins: 4
	0,40,9
	0,38,9
	0,41,9
	0,41,9
net710	The number of pins: 4
	0,35,21
	0,37,20
	0,38,20
	0,36,21
net711	The number of pins: 4
	0,38,19
	0,38,20
	0,36,20
	0,36,20
net712	The number of pins: 4
	0,28,9
	0,33,11
	0,33,11
	0,27,15
net713	The number of pins: 4
	0,31,9
	0,31,10
	0,31,11
	0,26,14
net714	The number of pins: 4
	0,32,12
	0,33,13
	0,33,12
	0,27,14
net715	The number of pins: 4
	0,33,12
	0,28,13
	0,32,12
	0,25,13
net716	The number of pins: 4
	0,33,27
	0,36,27
	0,40,28
	0,37,29
net717	The number of pins: 4
	0,31,27
	0,34,27
	0,32,27
	0,33,27
net718	The number of pins: 4
	0,27,18
	0,31,27
	0,34,29
	0,38,29
net719	The number of pins: 3
	0,39,28
	0,40,32
	0,42,29
net720	The number of pins: 4
	0,44,52
	0,45,53
	0,46,53
	0,47,53
net721	The number of pins: 4
	0,46,52
	0,46,53
	0,45,54
	0,45,54
net722	The number of pins: 4
	0,32,27
	0,39,44
	0,34,52
	0,38,52
net723	The number of pins: 4
	0,45,45
	0,50,45
	0,49,45
	0,45,44
net724	The number of pins: 4
	0,45,42
	0,44,40
	0,44,44
	0,44,45
net725	The number of pins: 4
	0,28,38
	0,43,42
	0,40,39
	0,41,41
net726	The number of pins: 4
	0,40,41
	0,40,43
	0,37,42
	0,27,41
net727	The number of pins: 4
	0,31,33
	0,32,33
	0,31,33
	0,28,40
net728	The number of pins: 4
	0,30,35
	0,31,33
	0,27,35
	0,34,33
net729	The number of pins: 4
	0,32,33
	0,35,32
	0,32,35
	0,32,36
net730	The number of pins: 4
	0,46,41
	0,45,39
	0,44,40
	0,46,41
net731	The number of pins: 4
	0,45,37
	0,44,39
	0,44,39
	0,44,39
net732	The number of pins: 4
	0,42,36
	0,43,36
	0,44,37
	0,44,37
net733	The number of pins: 4
	0,47,36
	0,41,36
	0,41,36
	0,36,37
net734	The number of pins: 4
	0,30,37
	0,29,38
	0,24,39
	0,30,38
net735	The number of pins: 4
	0,24,38
	0,29,38
	0,30,38
	0,32,38
net736	The number of pins: 4
	0,32,35
	0,31,38
	0,31,39
	0,31,44
net737	The number of pins: 4
	0,29,47
	0,29,44
	0,30,44
	0,29,47
net738	The number of pins: 4
	0,29,48
	0,28,47
	0,30,47
	0,30,48
net739	The number of pins: 4
	0,23,48
	0,21,50
	0,29,48
	0,28,48
net740	The number of pins: 4
	0,48,47
	0,33,48
	0,48,48
	0,59,46
net741	The number of pins: 4
	0,25,27
	0,28,38
	0,30,46
	0,28,30
net742	The number of pins: 4
	0,36,39
	0,36,38
	0,34,38
	0,37,38
net743	The number of pins: 4
	0,34,39
	0,36,39
	0,37,39
	0,35,38
net744	The number of pins: 4
	0,34,36
	0,35,39
	0,35,38
	0,36,39
net745	The number of pins: 4
	0,26,40
	0,31,41
	0,33,46
	0,31,45
net746	The number of pins: 4
	0,25,41
	0,29,41
	0,30,40
	0,29,40
net747	The number of pins: 4
	0,29,31
	0,29,41
	0,28,40
	0,33,51
net748	The number of pins: 4
	0,31,51
	0,31,51
	0,33,52
	0,31,52
net749	The number of pins: 3
	0,32,52
	0,33,53
	0,32,54
net750	The number of pins: 4
	0,26,54
	0,32,54
	0,32,54
	0,31,54
net751	The number of pins: 4
	0,37,50
	0,37,49
	0,37,50
	0,37,51
net752	The number of pins: 4
	0,37,48
	0,37,48
	0,35,50
	0,36,50
net753	The number of pins: 4
	0,36,47
	0,37,47
	0,36,48
	0,36,48
net754	The number of pins: 4
	0,28,30
	0,32,35
	0,33,30
	0,39,40
net755	The number of pins: 4
	0,42,20
	0,37,20
	0,37,21
	0,40,22
net756	The number of pins: 4
	0,36,18
	0,41,19
	0,41,21
	0,41,19
net757	The number of pins: 4
	0,37,18
	0,38,18
	0,28,18
	0,27,18
net758	The number of pins: 4
	0,26,34
	0,29,35
	0,28,34
	0,27,41
net759	The number of pins: 4
	0,24,37
	0,28,38
	0,35,41
	0,32,42
net760	The number of pins: 4
	0,33,20
	0,34,24
	0,34,24
	0,33,23
net761	The number of pins: 4
	0,33,24
	0,36,25
	0,36,24
	0,33,25
net762	The number of pins: 4
	0,31,26
	0,31,29
	0,30,27
	0,32,33
net763	The number of pins: 4
	0,30,26
	0,37,28
	0,38,30
	0,36,29
net764	The number of pins: 4
	0,42,32
	0,43,30
	0,41,31
	0,42,31
net765	The number of pins: 4
	0,38,32
	0,40,29
	0,40,32
	0,38,32
net766	The number of pins: 4
	0,38,29
	0,39,29
	0,41,26
	0,38,31
net767	The number of pins: 4
	0,33,20
	0,41,23
	0,37,24
	0,41,24
net768	The number of pins: 4
	0,40,23
	0,40,23
	0,35,24
	0,36,24
net769	The number of pins: 4
	0,34,22
	0,39,22
	0,36,23
	0,42,25
net770	The number of pins: 4
	0,38,24
	0,35,23
	0,38,21
	0,33,23
net771	The number of pins: 4
	0,36,23
	0,37,24
	0,34,23
	0,44,26
net772	The number of pins: 4
	0,17,29
	0,11,29
	0,12,29
	0,17,29
net773	The number of pins: 4
	0,12,38
	0,23,39
	0,12,38
	0,14,39
net774	The number of pins: 4
	0,21,39
	0,13,39
	0,14,39
	0,13,45
net775	The number of pins: 4
	0,11,45
	0,12,46
	0,14,45
	0,13,47
net776	The number of pins: 4
	0,12,48
	0,11,47
	0,13,47
	0,13,47
net777	The number of pins: 4
	0,13,49
	0,11,46
	0,13,47
	0,12,50
net778	The number of pins: 4
	0,23,48
	0,11,50
	0,13,50
	0,10,48
net779	The number of pins: 4
	0,9,44
	0,8,48
	0,9,48
	0,9,48
net780	The number of pins: 4
	0,12,38
	0,14,39
	0,14,41
	0,21,40
net781	The number of pins: 4
	0,17,41
	0,13,41
	0,13,40
	0,12,45
net782	The number of pins: 4
	0,11,45
	0,13,45
	0,13,45
	0,11,46
net783	The number of pins: 4
	0,10,46
	0,15,45
	0,12,48
	0,13,49
net784	The number of pins: 4
	0,11,48
	0,13,49
	0,11,48
	0,10,48
net785	The number of pins: 4
	0,9,48
	0,9,47
	0,9,47
	0,11,47
net786	The number of pins: 4
	0,10,47
	0,10,47
	0,9,47
	0,14,48
net787	The number of pins: 4
	0,14,32
	0,10,46
	0,8,46
	0,12,38
net788	The number of pins: 4
	0,3,36
	0,5,36
	0,2,36
	0,11,33
net789	The number of pins: 4
	0,13,33
	0,10,33
	0,14,32
	0,14,33
net790	The number of pins: 4
	0,9,35
	0,8,37
	0,9,35
	0,10,36
net791	The number of pins: 4
	0,11,33
	0,10,35
	0,8,35
	0,12,34
net792	The number of pins: 4
	0,12,33
	0,11,34
	0,12,34
	0,14,38
net793	The number of pins: 4
	0,17,36
	0,20,38
	0,32,37
	0,18,42
net794	The number of pins: 4
	0,32,41
	0,17,42
	0,18,45
	0,19,42
net795	The number of pins: 4
	0,17,45
	0,16,47
	0,19,44
	0,13,46
net796	The number of pins: 3
	0,13,46
	0,13,47
	0,16,53
net797	The number of pins: 4
	0,15,53
	0,17,54
	0,15,54
	0,26,52
net798	The number of pins: 4
	0,16,54
	0,15,54
	0,13,54
	0,16,54
net799	The number of pins: 4
	0,12,49
	0,12,54
	0,14,54
	0,13,56
net800	The number of pins: 4
	0,11,39
	0,11,41
	0,21,40
	0,17,40
net801	The number of pins: 4
	0,22,44
	0,21,43
	0,21,43
	0,22,44
net802	The number of pins: 4
	0,20,44
	0,21,44
	0,21,44
	0,18,46
net803	The number of pins: 4
	0,16,46
	0,15,46
	0,16,46
	0,15,52
net804	The number of pins: 4
	0,14,52
	0,15,50
	0,15,53
	0,14,53
net805	The number of pins: 4
	0,12,52
	0,12,53
	0,13,50
	0,11,49
net806	The number of pins: 4
	0,8,50
	0,9,54
	0,9,49
	0,10,50
net807	The number of pins: 4
	0,12,36
	0,13,36
	0,12,37
	0,12,37
net808	The number of pins: 4
	0,18,36
	0,12,36
	0,12,36
	0,17,36
net809	The number of pins: 4
	0,22,37
	0,16,36
	0,18,37
	0,19,44
net810	The number of pins: 4
	0,22,37
	0,23,38
	0,21,40
	0,20,45
net811	The number of pins: 4
	0,21,27
	0,23,30
	0,23,31
	0,22,29
net812	The number of pins: 4
	0,17,21
	0,15,24
	0,13,24
	0,16,24
net813	The number of pins: 4
	0,14,20
	0,14,20
	0,16,21
	0,13,21
net814	The number of pins: 4
	0,18,23
	0,20,23
	0,18,24
	0,21,23
net815	The number of pins: 4
	0,18,43
	0,20,43
	0,24,45
	0,19,45
net816	The number of pins: 4
	0,18,45
	0,18,46
	0,21,45
	0,19,49
net817	The number of pins: 4
	0,18,49
	0,17,48
	0,16,49
	0,17,48
net818	The number of pins: 4
	0,15,49
	0,16,48
	0,15,48
	0,15,51
net819	The number of pins: 4
	0,11,49
	0,13,48
	0,13,51
	0,10,51
net820	The number of pins: 4
	0,8,51
	0,8,51
	0,8,51
	0,8,50
net821	The number of pins: 4
	0,9,49
	0,9,48
	0,7,50
	0,6,51
net822	The number of pins: 4
	0,16,33
	0,15,33
	0,14,35
	0,16,34
net823	The number of pins: 4
	0,15,32
	0,13,34
	0,15,34
	0,15,37
net824	The number of pins: 4
	0,26,40
	0,38,39
	0,29,39
	0,38,40
net825	The number of pins: 4
	0,23,38
	0,29,39
	0,30,39
	0,28,39
net826	The number of pins: 4
	0,31,36
	0,29,39
	0,30,39
	0,31,45
net827	The number of pins: 4
	0,30,45
	0,30,46
	0,31,46
	0,32,47
net828	The number of pins: 4
	0,23,48
	0,30,47
	0,30,48
	0,25,48
net829	The number of pins: 4
	0,27,30
	0,29,30
	0,29,31
	0,30,31
net830	The number of pins: 4
	0,34,31
	0,33,30
	0,34,30
	0,34,33
net831	The number of pins: 4
	0,31,30
	0,32,31
	0,32,30
	0,33,31
net832	The number of pins: 4
	0,34,43
	0,33,42
	0,32,43
	0,32,43
net833	The number of pins: 4
	0,34,32
	0,32,42
	0,33,43
	0,23,44
net834	The number of pins: 4
	0,32,30
	0,36,32
	0,32,33
	0,33,32
net835	The number of pins: 3
	0,36,32
	0,36,31
	0,35,48
net836	The number of pins: 4
	0,34,48
	0,33,49
	0,35,50
	0,29,54
net837	The number of pins: 4
	0,22,49
	0,34,49
	0,23,50
	0,34,49
net838	The number of pins: 4
	0,37,32
	0,37,32
	0,37,34
	0,33,38
net839	The number of pins: 4
	0,38,32
	0,36,33
	0,38,33
	0,36,31
net840	The number of pins: 4
	0,37,33
	0,36,33
	0,34,36
	0,38,36
net841	The number of pins: 4
	0,19,22
	0,15,22
	0,15,21
	0,16,21
net842	The number of pins: 4
	0,15,29
	0,12,30
	0,13,30
	0,14,30
net843	The number of pins: 3
	0,36,40
	0,36,41
	0,35,42
net844	The number of pins: 4
	0,34,42
	0,34,42
	0,36,42
	0,32,42
net845	The number of pins: 4
	0,40,37
	0,36,36
	0,37,38
	0,28,38
net846	The number of pins: 4
	0,37,35
	0,37,36
	0,35,36
	0,34,37
net847	The number of pins: 4
	0,43,30
	0,36,34
	0,37,35
	0,38,37
net848	The number of pins: 4
	0,27,27
	0,29,27
	0,30,27
	0,29,30
net849	The number of pins: 4
	0,25,40
	0,17,39
	0,15,38
	0,23,40
net850	The number of pins: 4
	0,25,38
	0,21,40
	0,23,40
	0,21,51
net851	The number of pins: 4
	0,18,52
	0,20,51
	0,22,51
	0,21,51
net852	The number of pins: 3
	0,20,51
	0,18,52
	0,19,53
net853	The number of pins: 4
	0,18,52
	0,18,53
	0,18,53
	0,20,56
net854	The number of pins: 4
	0,19,55
	0,24,55
	0,20,55
	0,19,55
net855	The number of pins: 4
	0,24,44
	0,25,44
	0,25,44
	0,24,45
net856	The number of pins: 4
	0,25,42
	0,25,44
	0,23,43
	0,25,44
net857	The number of pins: 4
	0,14,56
	0,12,53
	0,14,55
	0,16,57
net858	The number of pins: 4
	0,28,16
	0,24,15
	0,19,16
	0,26,17
net859	The number of pins: 4
	0,27,15
	0,27,16
	0,30,16
	0,26,17
net860	The number of pins: 4
	0,24,9
	0,24,9
	0,21,11
	0,21,11
net861	The number of pins: 4
	0,29,15
	0,29,13
	0,27,14
	0,27,14
net862	The number of pins: 4
	0,29,14
	0,28,13
	0,32,14
	0,28,13
net863	The number of pins: 4
	0,24,46
	0,23,46
	0,22,44
	0,22,47
net864	The number of pins: 3
	0,22,46
	0,22,47
	0,23,50
net865	The number of pins: 4
	0,22,51
	0,22,50
	0,21,50
	0,23,53
net866	The number of pins: 4
	0,22,52
	0,21,53
	0,24,53
	0,25,53
net867	The number of pins: 4
	0,24,53
	0,29,54
	0,26,53
	0,28,54
net868	The number of pins: 4
	0,26,54
	0,27,54
	0,26,54
	0,28,55
net869	The number of pins: 4
	0,27,55
	0,28,56
	0,30,56
	0,31,58
net870	The number of pins: 4
	0,29,58
	0,30,57
	0,29,59
	0,29,59
net871	The number of pins: 4
	0,24,43
	0,25,44
	0,25,45
	0,25,46
net872	The number of pins: 4
	0,24,42
	0,24,43
	0,23,43
	0,22,44
net873	The number of pins: 4
	0,26,44
	0,31,43
	0,33,45
	0,34,44
net874	The number of pins: 4
	0,29,45
	0,32,44
	0,33,45
	0,37,51
net875	The number of pins: 4
	0,32,49
	0,35,51
	0,34,51
	0,35,51
net876	The number of pins: 4
	0,34,51
	0,35,51
	0,33,51
	0,35,53
net877	The number of pins: 4
	0,34,53
	0,34,53
	0,34,54
	0,36,54
net878	The number of pins: 4
	0,32,53
	0,35,54
	0,36,54
	0,39,56
net879	The number of pins: 4
	0,42,54
	0,37,55
	0,39,56
	0,43,56
net880	The number of pins: 4
	0,39,51
	0,38,51
	0,39,51
	0,38,53
net881	The number of pins: 4
	0,37,47
	0,38,49
	0,37,51
	0,38,51
net882	The number of pins: 4
	0,34,46
	0,37,46
	0,37,47
	0,36,47
net883	The number of pins: 4
	0,22,19
	0,22,21
	0,21,21
	0,22,26
net884	The number of pins: 4
	0,21,21
	0,20,21
	0,26,29
	0,26,32
net885	The number of pins: 4
	0,42,24
	0,38,24
	0,38,24
	0,30,27
net886	The number of pins: 4
	0,24,12
	0,24,13
	0,25,11
	0,24,18
net887	The number of pins: 4
	0,24,10
	0,24,10
	0,25,10
	0,26,11
net888	The number of pins: 4
	0,23,10
	0,23,11
	0,25,12
	0,24,14
net889	The number of pins: 4
	0,23,9
	0,24,8
	0,25,9
	0,25,8
net890	The number of pins: 4
	0,26,12
	0,25,11
	0,26,13
	0,24,12
net891	The number of pins: 4
	0,23,12
	0,26,12
	0,25,14
	0,26,16
net892	The number of pins: 4
	0,28,41
	0,27,41
	0,24,42
	0,26,42
net893	The number of pins: 4
	0,24,41
	0,22,42
	0,22,42
	0,22,48
net894	The number of pins: 4
	0,21,48
	0,24,49
	0,24,49
	0,24,52
net895	The number of pins: 3
	0,24,52
	0,24,51
	0,26,53
net896	The number of pins: 4
	0,24,52
	0,25,54
	0,26,54
	0,26,56
net897	The number of pins: 4
	0,26,56
	0,25,55
	0,25,56
	0,26,55
net898	The number of pins: 4
	0,27,43
	0,26,45
	0,26,44
	0,27,43
net899	The number of pins: 4
	0,28,41
	0,26,42
	0,26,41
	0,25,43
net900	The number of pins: 4
	0,27,39
	0,27,39
	0,21,41
	0,21,39
net901	The number of pins: 4
	0,39,36
	0,41,36
	0,39,36
	0,38,37
net902	The number of pins: 4
	0,37,36
	0,39,35
	0,39,36
	0,39,36
net903	The number of pins: 4
	0,40,30
	0,42,30
	0,39,28
	0,39,30
net904	The number of pins: 4
	0,41,29
	0,41,30
	0,40,30
	0,41,30
net905	The number of pins: 4
	0,49,36
	0,48,36
	0,47,42
	0,47,43
net906	The number of pins: 4
	0,27,33
	0,30,34
	0,30,36
	0,27,37
net907	The number of pins: 3
	0,30,36
	0,29,36
	0,26,37
net908	The number of pins: 4
	0,29,36
	0,27,36
	0,31,36
	0,29,35
net909	The number of pins: 4
	0,36,33
	0,35,33
	0,37,33
	0,35,33
net910	The number of pins: 4
	0,33,34
	0,36,34
	0,35,33
	0,37,37
net911	The number of pins: 4
	0,47,28
	0,47,29
	0,48,28
	0,43,30
net912	The number of pins: 4
	0,13,49
	0,15,50
	0,13,49
	0,15,54
net913	The number of pins: 4
	0,32,20
	0,32,21
	0,30,21
	0,29,22
net914	The number of pins: 4
	0,33,22
	0,34,21
	0,32,22
	0,32,23
net915	The number of pins: 4
	0,35,25
	0,35,26
	0,35,25
	0,33,29
net916	The number of pins: 4
	0,35,24
	0,31,24
	0,32,25
	0,34,25
net917	The number of pins: 4
	0,24,18
	0,20,18
	0,21,18
	0,22,18
net918	The number of pins: 4
	0,17,21
	0,15,20
	0,15,20
	0,17,20
net919	The number of pins: 4
	0,16,30
	0,16,31
	0,17,31
	0,17,32
net920	The number of pins: 4
	0,16,24
	0,16,27
	0,16,26
	0,16,27
net921	The number of pins: 4
	0,15,27
	0,15,27
	0,17,36
	0,17,35
net922	The number of pins: 4
	0,21,40
	0,20,42
	0,21,42
	0,21,42
net923	The number of pins: 4
	0,21,39
	0,20,42
	0,21,43
	0,21,53
net924	The number of pins: 4
	0,20,52
	0,21,53
	0,23,53
	0,27,51
net925	The number of pins: 4
	0,30,51
	0,26,51
	0,30,51
	0,28,51
net926	The number of pins: 4
	0,26,52
	0,29,51
	0,30,51
	0,30,52
net927	The number of pins: 4
	0,29,53
	0,28,52
	0,30,53
	0,39,54
net928	The number of pins: 4
	0,38,54
	0,38,54
	0,39,55
	0,39,56
net929	The number of pins: 4
	0,39,50
	0,39,51
	0,40,50
	0,40,50
net930	The number of pins: 4
	0,39,47
	0,38,49
	0,38,50
	0,38,50
net931	The number of pins: 4
	0,37,45
	0,38,46
	0,38,47
	0,38,46
net932	The number of pins: 4
	0,29,13
	0,30,13
	0,31,13
	0,31,12
net933	The number of pins: 4
	0,30,12
	0,30,12
	0,31,13
	0,31,14
net934	The number of pins: 4
	0,29,14
	0,30,15
	0,29,13
	0,27,18
net935	The number of pins: 4
	0,29,15
	0,29,15
	0,30,16
	0,28,18
net936	The number of pins: 4
	0,50,36
	0,50,38
	0,49,44
	0,49,42
net937	The number of pins: 4
	0,20,41
	0,19,40
	0,20,41
	0,21,42
net938	The number of pins: 4
	0,26,48
	0,26,48
	0,25,49
	0,24,49
net939	The number of pins: 4
	0,26,47
	0,23,48
	0,23,48
	0,23,48
net940	The number of pins: 4
	0,27,38
	0,27,38
	0,28,37
	0,28,38
net941	The number of pins: 4
	0,27,34
	0,26,38
	0,26,37
	0,22,38
net942	The number of pins: 4
	0,26,33
	0,26,33
	0,26,34
	0,27,33
net943	The number of pins: 4
	0,29,25
	0,38,25
	0,38,26
	0,38,26
net944	The number of pins: 4
	0,37,25
	0,37,26
	0,37,25
	0,37,26
net945	The number of pins: 4
	0,39,30
	0,41,33
	0,41,33
	0,39,33
net946	The number of pins: 4
	0,37,29
	0,38,30
	0,38,31
	0,38,31
net947	The number of pins: 4
	0,59,35
	0,59,36
	0,60,38
	0,61,40
net948	The number of pins: 4
	0,20,37
	0,20,39
	0,20,39
	0,24,39
net949	The number of pins: 4
	0,19,39
	0,24,38
	0,19,39
	0,20,45
net950	The number of pins: 4
	0,19,45
	0,20,47
	0,23,47
	0,13,48
net951	The number of pins: 3
	0,14,48
	0,13,49
	0,12,56
net952	The number of pins: 4
	0,11,55
	0,12,56
	0,12,56
	0,13,54
net953	The number of pins: 4
	0,13,54
	0,10,56
	0,11,56
	0,14,54
net954	The number of pins: 4
	0,12,53
	0,12,49
	0,11,54
	0,11,55
net955	The number of pins: 4
	0,13,40
	0,14,41
	0,20,40
	0,18,41
net956	The number of pins: 4
	0,29,42
	0,29,43
	0,29,42
	0,30,44
net957	The number of pins: 4
	0,35,19
	0,34,20
	0,34,24
	0,34,20
net958	The number of pins: 4
	0,27,40
	0,26,41
	0,25,41
	0,25,42
net959	The number of pins: 4
	0,25,31
	0,26,41
	0,24,41
	0,26,51
net960	The number of pins: 4
	0,23,52
	0,24,51
	0,25,50
	0,23,52
net961	The number of pins: 4
	0,22,52
	0,24,51
	0,24,51
	0,23,53
net962	The number of pins: 4
	0,22,53
	0,21,53
	0,23,54
	0,23,54
net963	The number of pins: 4
	0,22,54
	0,24,54
	0,25,55
	0,22,56
net964	The number of pins: 4
	0,29,50
	0,27,49
	0,27,49
	0,29,49
net965	The number of pins: 4
	0,26,47
	0,28,46
	0,28,49
	0,25,49
net966	The number of pins: 4
	0,32,45
	0,27,45
	0,27,43
	0,27,46
net967	The number of pins: 4
	0,37,40
	0,37,40
	0,40,41
	0,34,41
net968	The number of pins: 4
	0,39,40
	0,44,41
	0,38,41
	0,33,40
net969	The number of pins: 4
	0,45,41
	0,42,41
	0,42,41
	0,44,40
net970	The number of pins: 4
	0,47,55
	0,47,54
	0,45,54
	0,45,55
net971	The number of pins: 4
	0,46,45
	0,47,45
	0,46,46
	0,46,44
net972	The number of pins: 4
	0,45,45
	0,43,44
	0,45,45
	0,41,43
net973	The number of pins: 4
	0,27,39
	0,42,39
	0,44,45
	0,43,45
net974	The number of pins: 4
	0,43,42
	0,41,37
	0,42,41
	0,41,39
net975	The number of pins: 4
	0,14,42
	0,14,42
	0,14,50
	0,14,45
net976	The number of pins: 4
	0,30,21
	0,33,21
	0,28,21
	0,33,22
net977	The number of pins: 4
	0,31,22
	0,31,22
	0,33,24
	0,32,23
net978	The number of pins: 4
	0,31,24
	0,33,24
	0,32,25
	0,32,30
net979	The number of pins: 4
	0,30,24
	0,31,24
	0,31,25
	0,30,24
net980	The number of pins: 4
	0,29,23
	0,28,24
	0,28,24
	0,13,49
net981	The number of pins: 4
	0,30,23
	0,27,23
	0,28,23
	0,28,23
net982	The number of pins: 4
	0,26,22
	0,26,22
	0,16,28
	0,12,49
net983	The number of pins: 4
	0,38,12
	0,37,12
	0,36,12
	0,35,10
net984	The number of pins: 4
	0,37,17
	0,37,18
	0,38,17
	0,37,16
net985	The number of pins: 4
	0,34,21
	0,35,22
	0,42,21
	0,40,21
net986	The number of pins: 4
	0,37,22
	0,38,21
	0,38,21
	0,37,38
net987	The number of pins: 4
	0,36,22
	0,34,23
	0,35,22
	0,36,22
net988	The number of pins: 4
	0,28,29
	0,27,28
	0,29,29
	0,29,30
net989	The number of pins: 4
	0,11,33
	0,12,33
	0,12,33
	0,12,33
net990	The number of pins: 4
	0,21,31
	0,22,30
	0,21,30
	0,25,31
net991	The number of pins: 4
	0,12,29
	0,11,29
	0,11,30
	0,13,31
net992	The number of pins: 4
	0,11,30
	0,15,30
	0,11,31
	0,15,32
net993	The number of pins: 4
	0,9,26
	0,17,25
	0,21,26
	0,9,27
net994	The number of pins: 4
	0,15,25
	0,15,25
	0,16,24
	0,14,25
net995	The number of pins: 4
	0,32,41
	0,30,42
	0,30,42
	0,31,42
net996	The number of pins: 4
	0,32,42
	0,30,42
	0,31,43
	0,32,50
net997	The number of pins: 4
	0,31,49
	0,31,50
	0,28,49
	0,28,50
net998	The number of pins: 4
	0,29,51
	0,27,51
	0,27,50
	0,31,51
net999	The number of pins: 4
	0,30,51
	0,30,52
	0,29,54
	0,30,53
net1000	The number of pins: 4
	0,29,53
	0,30,54
	0,30,55
	0,30,55
net1001	The number of pins: 4
	0,29,55
	0,29,54
	0,30,55
	0,31,57
net1002	The number of pins: 4
	0,29,57
	0,31,57
	0,31,59
	0,29,59
net1003	The number of pins: 4
	0,33,48
	0,33,48
	0,33,48
	0,33,48
net1004	The number of pins: 4
	0,28,44
	0,27,47
	0,31,48
	0,32,47
net1005	The number of pins: 4
	0,26,42
	0,28,44
	0,22,45
	0,27,43
net1006	The number of pins: 4
	0,43,42
	0,43,41
	0,43,42
	0,44,42
net1007	The number of pins: 4
	0,22,13
	0,21,14
	0,22,16
	0,15,16
net1008	The number of pins: 4
	0,23,12
	0,21,12
	0,24,15
	0,21,13
net1009	The number of pins: 4
	0,22,12
	0,24,13
	0,21,12
	0,24,12
net1010	The number of pins: 4
	0,22,12
	0,26,13
	0,26,12
	0,23,13
net1011	The number of pins: 4
	0,22,13
	0,23,14
	0,25,14
	0,25,13
net1012	The number of pins: 4
	0,13,17
	0,13,16
	0,13,16
	0,13,18
net1013	The number of pins: 4
	0,27,8
	0,27,12
	0,27,8
	0,27,8
net1014	The number of pins: 4
	0,39,37
	0,37,36
	0,39,38
	0,40,37
net1015	The number of pins: 4
	0,39,36
	0,41,35
	0,39,37
	0,39,37
net1016	The number of pins: 4
	0,42,56
	0,30,56
	0,42,57
	0,42,57
net1017	The number of pins: 4
	0,45,47
	0,42,48
	0,45,47
	0,44,48
net1018	The number of pins: 4
	0,43,44
	0,41,44
	0,43,44
	0,43,47
net1019	The number of pins: 4
	0,37,38
	0,43,37
	0,43,44
	0,42,43
net1020	The number of pins: 4
	0,41,37
	0,42,38
	0,42,37
	0,41,37
net1021	The number of pins: 4
	0,22,42
	0,24,45
	0,23,44
	0,23,45
net1022	The number of pins: 4
	0,22,47
	0,23,46
	0,22,45
	0,24,51
net1023	The number of pins: 4
	0,23,50
	0,23,51
	0,23,50
	0,26,51
net1024	The number of pins: 4
	0,27,51
	0,24,51
	0,26,51
	0,27,53
net1025	The number of pins: 4
	0,26,52
	0,26,53
	0,26,54
	0,25,54
net1026	The number of pins: 4
	0,24,54
	0,24,55
	0,25,55
	0,25,56
net1027	The number of pins: 4
	0,29,45
	0,29,46
	0,26,45
	0,28,45
net1028	The number of pins: 4
	0,28,42
	0,27,44
	0,28,45
	0,28,45
net1029	The number of pins: 4
	0,39,44
	0,39,43
	0,35,42
	0,42,45
net1030	The number of pins: 4
	0,31,29
	0,30,30
	0,31,30
	0,29,32
net1031	The number of pins: 4
	0,29,32
	0,29,32
	0,28,33
	0,28,33
net1032	The number of pins: 3
	0,11,41
	0,25,42
	0,7,43
net1033	The number of pins: 4
	0,18,35
	0,9,41
	0,17,40
	0,10,42
net1034	The number of pins: 4
	0,8,42
	0,14,41
	0,14,45
	0,13,50
net1035	The number of pins: 4
	0,11,49
	0,14,51
	0,14,47
	0,12,52
net1036	The number of pins: 4
	0,10,52
	0,14,53
	0,13,54
	0,14,55
net1037	The number of pins: 4
	0,19,54
	0,12,55
	0,17,55
	0,29,52
net1038	The number of pins: 4
	0,19,41
	0,14,42
	0,18,44
	0,17,42
net1039	The number of pins: 3
	0,22,45
	0,24,45
	0,22,46
net1040	The number of pins: 4
	0,21,45
	0,21,46
	0,21,47
	0,21,52
net1041	The number of pins: 4
	0,20,52
	0,23,53
	0,23,54
	0,21,54
net1042	The number of pins: 4
	0,20,54
	0,21,53
	0,22,54
	0,21,54
net1043	The number of pins: 4
	0,22,53
	0,20,54
	0,20,55
	0,22,55
net1044	The number of pins: 4
	0,21,55
	0,24,55
	0,23,55
	0,24,56
net1045	The number of pins: 4
	0,23,56
	0,22,57
	0,22,57
	0,22,57
net1046	The number of pins: 4
	0,33,48
	0,29,47
	0,32,47
	0,31,48
net1047	The number of pins: 4
	0,27,47
	0,25,47
	0,28,46
	0,27,47
net1048	The number of pins: 4
	0,24,42
	0,25,47
	0,23,47
	0,24,47
net1049	The number of pins: 4
	0,41,41
	0,39,42
	0,39,42
	0,39,42
net1050	The number of pins: 4
	0,4,42
	0,4,42
	0,1,42
	0,1,43
net1051	The number of pins: 4
	0,28,32
	0,28,32
	0,28,32
	0,29,31
net1052	The number of pins: 4
	0,23,23
	0,22,27
	0,23,28
	0,22,28
net1053	The number of pins: 4
	0,52,28
	0,52,29
	0,52,30
	0,50,28
net1054	The number of pins: 4
	0,47,18
	0,47,21
	0,49,18
	0,52,19
net1055	The number of pins: 4
	0,27,25
	0,27,28
	0,26,28
	0,30,28
net1056	The number of pins: 4
	0,41,42
	0,41,42
	0,41,42
	0,42,42
net1057	The number of pins: 4
	0,7,33
	0,7,34
	0,7,34
	0,11,33
net1058	The number of pins: 4
	0,28,28
	0,28,29
	0,34,28
	0,30,27
net1059	The number of pins: 4
	0,33,25
	0,33,28
	0,34,27
	0,33,29
net1060	The number of pins: 4
	0,32,28
	0,33,28
	0,34,29
	0,32,30
net1061	The number of pins: 4
	0,14,48
	0,16,48
	0,30,48
	0,30,48
net1062	The number of pins: 4
	0,47,50
	0,48,50
	0,47,50
	0,47,49
net1063	The number of pins: 4
	0,47,33
	0,46,32
	0,46,33
	0,46,35
net1064	The number of pins: 4
	0,36,29
	0,46,32
	0,45,32
	0,35,37
net1065	The number of pins: 4
	0,33,29
	0,32,28
	0,35,28
	0,35,28
net1066	The number of pins: 4
	0,31,30
	0,30,28
	0,31,28
	0,29,30
net1067	The number of pins: 4
	0,17,33
	0,17,34
	0,18,33
	0,17,35
net1068	The number of pins: 4
	0,32,15
	0,31,17
	0,31,16
	0,32,17
net1069	The number of pins: 4
	0,35,15
	0,36,14
	0,31,17
	0,35,17
net1070	The number of pins: 4
	0,38,14
	0,38,15
	0,37,15
	0,38,15
net1071	The number of pins: 4
	0,59,34
	0,59,35
	0,59,36
	0,59,36
net1072	The number of pins: 4
	0,45,42
	0,47,44
	0,46,44
	0,44,43
net1073	The number of pins: 4
	0,13,54
	0,14,53
	0,13,54
	0,13,53
net1074	The number of pins: 4
	0,25,36
	0,24,36
	0,24,36
	0,25,36
net1075	The number of pins: 4
	0,16,24
	0,15,26
	0,15,26
	0,15,25
net1076	The number of pins: 4
	0,13,35
	0,15,36
	0,17,34
	0,13,36
net1077	The number of pins: 4
	0,15,32
	0,17,32
	0,18,31
	0,16,32
net1078	The number of pins: 4
	0,34,20
	0,36,19
	0,35,20
	0,33,20
net1079	The number of pins: 4
	0,33,26
	0,33,25
	0,32,26
	0,33,25
net1080	The number of pins: 4
	0,36,27
	0,36,27
	0,35,27
	0,35,30
net1081	The number of pins: 4
	0,53,28
	0,51,29
	0,50,29
	0,50,28
net1082	The number of pins: 4
	0,18,41
	0,17,41
	0,16,41
	0,15,42
net1083	The number of pins: 4
	0,48,42
	0,49,42
	0,49,41
	0,49,43
net1084	The number of pins: 4
	0,27,35
	0,27,35
	0,26,36
	0,26,37
net1085	The number of pins: 4
	0,49,25
	0,49,26
	0,49,25
	0,49,26
net1086	The number of pins: 4
	0,28,25
	0,29,26
	0,29,24
	0,29,26
net1087	The number of pins: 4
	0,3,38
	0,4,39
	0,4,39
	0,4,40
net1088	The number of pins: 4
	0,13,32
	0,13,32
	0,16,33
	0,15,32
net1089	The number of pins: 4
	0,49,37
	0,49,36
	0,49,41
	0,48,43
net1090	The number of pins: 4
	0,15,31
	0,20,34
	0,16,31
	0,21,34
net1091	The number of pins: 4
	0,29,21
	0,19,20
	0,18,21
	0,19,21
net1092	The number of pins: 4
	0,22,33
	0,23,33
	0,23,33
	0,21,33
net1093	The number of pins: 4
	0,20,21
	0,16,23
	0,16,23
	0,16,23
net1094	The number of pins: 4
	0,22,11
	0,22,11
	0,21,10
	0,22,10
net1095	The number of pins: 4
	0,23,31
	0,23,31
	0,24,35
	0,23,36
net1096	The number of pins: 4
	0,21,39
	0,7,39
	0,9,39
	0,15,39
net1097	The number of pins: 4
	0,51,25
	0,50,24
	0,50,24
	0,50,24
net1098	The number of pins: 4
	0,26,14
	0,26,18
	0,25,18
	0,25,18
net1099	The number of pins: 4
	0,48,18
	0,47,18
	0,51,18
	0,47,18
net1100	The number of pins: 4
	0,33,15
	0,33,16
	0,33,15
	0,31,16
net1101	The number of pins: 4
	0,23,32
	0,22,32
	0,24,32
	0,24,32
net1102	The number of pins: 4
	0,20,51
	0,20,51
	0,19,52
	0,19,53
net1103	The number of pins: 4
	0,50,34
	0,50,33
	0,51,35
	0,50,35
net1104	The number of pins: 4
	0,6,53
	0,6,53
	0,6,53
	0,6,53
net1105	The number of pins: 4
	0,33,27
	0,32,27
	0,33,26
	0,34,26
net1106	The number of pins: 4
	0,28,33
	0,28,33
	0,27,35
	0,28,35
net1107	The number of pins: 4
	0,49,33
	0,49,34
	0,48,35
	0,49,35
net1108	The number of pins: 4
	0,58,37
	0,58,38
	0,58,37
	0,60,38
net1109	The number of pins: 4
	0,22,32
	0,22,31
	0,21,32
	0,21,32
net1110	The number of pins: 4
	0,51,32
	0,50,32
	0,51,32
	0,50,33
net1111	The number of pins: 4
	0,50,34
	0,51,33
	0,51,33
	0,51,33
net1112	The number of pins: 3
	0,23,21
	0,21,23
	0,31,22
net1113	The number of pins: 4
	0,13,26
	0,13,26
	0,13,25
	0,14,25
net1114	The number of pins: 4
	0,17,16
	0,17,16
	0,20,16
	0,19,16
net1115	The number of pins: 4
	0,41,45
	0,40,45
	0,42,46
	0,37,45
net1116	The number of pins: 4
	0,16,30
	0,17,30
	0,16,30
	0,17,30
net1117	The number of pins: 4
	0,61,33
	0,60,32
	0,61,33
	0,60,33
net1118	The number of pins: 4
	0,18,22
	0,18,23
	0,18,25
	0,18,24
net1119	The number of pins: 4
	0,51,32
	0,51,33
	0,50,33
	0,51,34
net1120	The number of pins: 4
	0,50,31
	0,50,31
	0,50,30
	0,50,30
net1121	The number of pins: 4
	0,39,33
	0,41,35
	0,39,34
	0,39,34
net1122	The number of pins: 3
	0,49,41
	0,8,42
	0,8,42
net1123	The number of pins: 3
	0,49,36
	0,20,44
	0,14,46
net1124	The number of pins: 3
	0,47,43
	0,9,43
	0,16,41
net1125	The number of pins: 3
	0,47,43
	0,18,44
	0,12,46
net1126	The number of pins: 3
	0,48,39
	0,48,49
	0,29,49
net1127	The number of pins: 3
	0,25,34
	0,26,39
	0,24,42
net1128	The number of pins: 3
	0,33,37
	0,37,38
	0,37,38
net1129	The number of pins: 3
	0,25,35
	0,26,44
	0,25,35
net1130	The number of pins: 3
	0,52,21
	0,52,21
	0,52,28
net1131	The number of pins: 3
	0,25,33
	0,25,33
	0,26,33
net1132	The number of pins: 3
	0,51,25
	0,61,26
	0,53,26
net1133	The number of pins: 3
	0,22,34
	0,20,34
	0,22,36
net1134	The number of pins: 3
	0,23,32
	0,23,34
	0,24,36
net1135	The number of pins: 3
	0,14,37
	0,14,37
	0,9,41
net1136	The number of pins: 3
	0,18,31
	0,19,32
	0,22,31
net1137	The number of pins: 3
	0,23,21
	0,23,23
	0,22,24
net1138	The number of pins: 3
	0,22,34
	0,21,35
	0,21,39
net1139	The number of pins: 3
	0,24,33
	0,24,33
	0,24,35
net1140	The number of pins: 3
	0,47,25
	0,48,23
	0,48,24
net1141	The number of pins: 3
	0,54,36
	0,54,36
	0,55,36
net1142	The number of pins: 3
	0,54,26
	0,52,27
	0,53,26
net1143	The number of pins: 3
	0,52,33
	0,51,32
	0,51,33
net1144	The number of pins: 3
	0,23,31
	0,24,31
	0,23,31
net1145	The number of pins: 3
	0,58,27
	0,58,26
	0,58,28
net1146	The number of pins: 3
	0,39,27
	0,43,27
	0,44,30
net1147	The number of pins: 3
	0,23,32
	0,23,33
	0,24,33
net1148	The number of pins: 3
	0,51,36
	0,50,35
	0,50,35
net1149	The number of pins: 3
	0,49,42
	0,49,41
	0,45,42
net1150	The number of pins: 3
	0,50,39
	0,50,39
	0,50,39
net1151	The number of pins: 3
	0,22,32
	0,23,31
	0,23,32
net1152	The number of pins: 3
	0,54,21
	0,53,21
	0,53,21
net1153	The number of pins: 3
	0,54,20
	0,53,21
	0,52,21
net1154	The number of pins: 3
	0,57,26
	0,56,27
	0,57,27
net1155	The number of pins: 3
	0,24,39
	0,24,39
	0,24,38
net1156	The number of pins: 3
	0,51,35
	0,50,36
	0,49,36
net1157	The number of pins: 3
	0,24,33
	0,23,33
	0,23,33
net1158	The number of pins: 3
	0,38,26
	0,38,24
	0,39,25
net1159	The number of pins: 3
	0,57,24
	0,56,24
	0,56,26
net1160	The number of pins: 3
	0,22,25
	0,23,24
	0,23,26
net1161	The number of pins: 3
	0,51,24
	0,51,23
	0,52,23
net1162	The number of pins: 3
	0,51,35
	0,51,35
	0,51,36
net1163	The number of pins: 3
	0,60,29
	0,60,31
	0,60,30
net1164	The number of pins: 3
	0,22,32
	0,20,32
	0,22,32
net1165	The number of pins: 3
	0,23,33
	0,23,33
	0,22,38
net1166	The number of pins: 3
	0,21,25
	0,20,26
	0,21,25
net1167	The number of pins: 3
	0,19,17
	0,18,25
	0,18,26
net1168	The number of pins: 3
	0,26,45
	0,23,49
	0,25,47
net1169	The number of pins: 3
	0,48,28
	0,49,30
	0,47,31
net1170	The number of pins: 3
	0,60,29
	0,52,28
	0,53,29
net1171	The number of pins: 3
	0,51,34
	0,51,35
	0,53,34
net1172	The number of pins: 3
	0,25,32
	0,26,32
	0,25,35
net1173	The number of pins: 3
	0,22,21
	0,21,21
	0,22,21
net1174	The number of pins: 3
	0,50,38
	0,48,36
	0,50,37
net1175	The number of pins: 3
	0,54,26
	0,56,24
	0,56,26
net1176	The number of pins: 3
	0,23,29
	0,23,30
	0,23,29
net1177	The number of pins: 3
	0,50,36
	0,50,38
	0,51,37
net1178	The number of pins: 3
	0,49,35
	0,49,35
	0,50,40
net1179	The number of pins: 3
	0,21,32
	0,22,32
	0,23,32
net1180	The number of pins: 3
	0,22,32
	0,22,32
	0,22,32
net1181	The number of pins: 3
	0,59,26
	0,59,27
	0,59,26
net1182	The number of pins: 3
	0,50,39
	0,50,38
	0,50,37
net1183	The number of pins: 3
	0,16,28
	0,17,29
	0,17,29
net1184	The number of pins: 3
	0,24,30
	0,22,30
	0,24,30
net1185	The number of pins: 3
	0,59,28
	0,58,28
	0,59,29
net1186	The number of pins: 3
	0,19,25
	0,19,25
	0,19,26
net1187	The number of pins: 3
	0,24,26
	0,23,30
	0,24,29
net1188	The number of pins: 3
	0,25,34
	0,25,33
	0,25,34
net1189	The number of pins: 3
	0,14,30
	0,8,41
	0,13,33
net1190	The number of pins: 3
	0,20,28
	0,20,30
	0,21,29
net1191	The number of pins: 3
	0,20,30
	0,20,31
	0,21,32
net1192	The number of pins: 3
	0,54,25
	0,54,27
	0,53,27
net1193	The number of pins: 3
	0,53,34
	0,53,33
	0,53,34
net1194	The number of pins: 3
	0,20,31
	0,20,33
	0,19,30
net1195	The number of pins: 3
	0,20,32
	0,21,32
	0,20,32
net1196	The number of pins: 3
	0,47,3
	0,47,3
	0,47,3
net1197	The number of pins: 3
	0,20,24
	0,20,26
	0,20,25
net1198	The number of pins: 3
	0,51,33
	0,50,35
	0,50,35
net1199	The number of pins: 3
	0,13,0
	0,12,1
	0,12,0
net1200	The number of pins: 3
	0,24,32
	0,24,33
	0,24,33
net1201	The number of pins: 3
	0,24,33
	0,25,34
	0,25,33
net1202	The number of pins: 3
	0,49,21
	0,49,20
	0,47,21
net1203	The number of pins: 2
	0,16,19
	0,17,51
net1204	The number of pins: 2
	0,28,21
	0,12,33
net1205	The number of pins: 2
	0,27,14
	0,18,32
net1206	The number of pins: 2
	0,47,38
	0,20,38
net1207	The number of pins: 2
	0,25,29
	0,23,45
net1208	The number of pins: 2
	0,27,12
	0,26,32
net1209	The number of pins: 2
	0,38,20
	0,38,37
net1210	The number of pins: 2
	0,27,38
	0,41,42
net1211	The number of pins: 2
	0,24,28
	0,23,46
net1212	The number of pins: 2
	0,51,35
	0,30,36
net1213	The number of pins: 2
	0,29,31
	0,29,44
net1214	The number of pins: 2
	0,22,36
	0,18,40
net1215	The number of pins: 2
	0,27,36
	0,25,43
net1216	The number of pins: 2
	0,29,20
	0,32,38
net1217	The number of pins: 2
	0,29,30
	0,37,37
net1218	The number of pins: 2
	0,27,17
	0,32,35
net1219	The number of pins: 2
	0,14,22
	0,11,32
net1220	The number of pins: 2
	0,18,31
	0,27,38
net1221	The number of pins: 2
	0,14,55
	0,24,54
net1222	The number of pins: 2
	0,25,29
	0,32,42
net1223	The number of pins: 2
	0,27,26
	0,28,39
net1224	The number of pins: 2
	0,36,40
	0,20,40
net1225	The number of pins: 2
	0,38,37
	0,26,39
net1226	The number of pins: 2
	0,28,24
	0,27,36
net1227	The number of pins: 2
	0,21,35
	0,20,49
net1228	The number of pins: 2
	0,32,38
	0,25,42
net1229	The number of pins: 2
	0,24,49
	0,27,51
net1230	The number of pins: 2
	0,20,51
	0,21,53
net1231	The number of pins: 2
	0,14,45
	0,23,45
net1232	The number of pins: 2
	0,17,34
	0,25,37
net1233	The number of pins: 2
	0,21,36
	0,22,49
net1234	The number of pins: 2
	0,27,36
	0,27,47
net1235	The number of pins: 2
	0,18,32
	0,26,32
net1236	The number of pins: 2
	0,32,21
	0,27,26
net1237	The number of pins: 2
	0,26,34
	0,35,42
net1238	The number of pins: 2
	0,18,29
	0,14,30
net1239	The number of pins: 2
	0,27,39
	0,22,43
net1240	The number of pins: 2
	0,25,12
	0,25,29
net1241	The number of pins: 2
	0,34,45
	0,40,47
net1242	The number of pins: 2
	0,38,37
	0,38,49
net1243	The number of pins: 2
	0,35,17
	0,27,18
net1244	The number of pins: 2
	0,25,36
	0,25,41
net1245	The number of pins: 2
	0,32,38
	0,22,37
net1246	The number of pins: 2
	0,34,38
	0,34,45
net1247	The number of pins: 2
	0,24,34
	0,29,39
net1248	The number of pins: 2
	0,22,49
	0,24,54
net1249	The number of pins: 2
	0,23,47
	0,33,49
net1250	The number of pins: 2
	0,35,31
	0,36,40
net1251	The number of pins: 2
	0,18,51
	0,27,52
net1252	The number of pins: 2
	0,18,50
	0,26,46
net1253	The number of pins: 2
	0,33,18
	0,31,24
net1254	The number of pins: 2
	0,29,46
	0,19,48
net1255	The number of pins: 2
	0,37,41
	0,37,46
net1256	The number of pins: 2
	0,26,17
	0,19,17
net1257	The number of pins: 2
	0,32,42
	0,37,45
net1258	The number of pins: 2
	0,31,30
	0,27,36
net1259	The number of pins: 2
	0,20,19
	0,19,22
net1260	The number of pins: 2
	0,26,14
	0,27,26
net1261	The number of pins: 2
	0,25,13
	0,28,17
net1262	The number of pins: 2
	0,22,36
	0,21,39
net1263	The number of pins: 2
	0,37,41
	0,37,46
net1264	The number of pins: 2
	0,36,36
	0,26,36
net1265	The number of pins: 2
	0,41,43
	0,34,45
net1266	The number of pins: 2
	0,24,34
	0,24,38
net1267	The number of pins: 2
	0,59,21
	0,59,34
net1268	The number of pins: 2
	0,34,37
	0,34,44
net1269	The number of pins: 2
	0,38,36
	0,38,38
net1270	The number of pins: 2
	0,31,30
	0,32,37
net1271	The number of pins: 2
	0,23,37
	0,25,37
net1272	The number of pins: 2
	0,18,53
	0,27,52
net1273	The number of pins: 2
	0,19,30
	0,20,48
net1274	The number of pins: 2
	0,23,46
	0,23,49
net1275	The number of pins: 2
	0,12,24
	0,11,37
net1276	The number of pins: 2
	0,26,29
	0,25,37
net1277	The number of pins: 2
	0,25,31
	0,22,36
net1278	The number of pins: 2
	0,26,19
	0,27,29
net1279	The number of pins: 2
	0,25,35
	0,25,40
net1280	The number of pins: 2
	0,13,49
	0,18,53
net1281	The number of pins: 2
	0,38,37
	0,40,47
net1282	The number of pins: 2
	0,47,42
	0,47,42
net1283	The number of pins: 2
	0,34,37
	0,34,45
net1284	The number of pins: 2
	0,50,40
	0,51,42
net1285	The number of pins: 2
	0,25,23
	0,25,30
net1286	The number of pins: 2
	0,24,40
	0,22,42
net1287	The number of pins: 2
	0,23,44
	0,20,44
net1288	The number of pins: 2
	0,14,50
	0,18,50
net1289	The number of pins: 2
	0,31,33
	0,26,33
net1290	The number of pins: 2
	0,19,14
	0,19,23
net1291	The number of pins: 2
	0,27,38
	0,23,39
net1292	The number of pins: 2
	0,23,46
	0,15,45
net1293	The number of pins: 2
	0,30,40
	0,29,45
net1294	The number of pins: 2
	0,23,22
	0,23,30
net1295	The number of pins: 2
	0,25,17
	0,24,22
net1296	The number of pins: 2
	0,30,43
	0,29,44
net1297	The number of pins: 2
	0,25,39
	0,24,45
net1298	The number of pins: 2
	0,31,24
	0,26,29
net1299	The number of pins: 2
	0,37,37
	0,32,38
net1300	The number of pins: 2
	0,26,32
	0,25,31
net1301	The number of pins: 2
	0,22,25
	0,22,25
net1302	The number of pins: 2
	0,25,39
	0,26,39
net1303	The number of pins: 2
	0,29,41
	0,33,43
net1304	The number of pins: 2
	0,34,51
	0,24,51
net1305	The number of pins: 2
	0,25,37
	0,25,40
net1306	The number of pins: 2
	0,49,27
	0,48,27
net1307	The number of pins: 2
	0,14,50
	0,18,52
net1308	The number of pins: 2
	0,35,42
	0,33,42
net1309	The number of pins: 2
	0,27,13
	0,27,17
net1310	The number of pins: 2
	0,15,45
	0,15,46
net1311	The number of pins: 2
	0,11,44
	0,14,50
net1312	The number of pins: 2
	0,14,47
	0,15,50
net1313	The number of pins: 2
	0,24,13
	0,25,15
net1314	The number of pins: 2
	0,23,37
	0,23,38
net1315	The number of pins: 2
	0,22,15
	0,22,23
net1316	The number of pins: 2
	0,26,17
	0,28,26
net1317	The number of pins: 2
	0,20,36
	0,20,48
net1318	The number of pins: 2
	0,27,36
	0,25,39
net1319	The number of pins: 2
	0,28,26
	0,29,26
net1320	The number of pins: 2
	0,14,48
	0,12,49
net1321	The number of pins: 2
	0,9,41
	0,9,44
net1322	The number of pins: 2
	0,23,49
	0,22,49
net1323	The number of pins: 2
	0,21,36
	0,20,37
net1324	The number of pins: 2
	0,25,37
	0,25,37
net1325	The number of pins: 2
	0,12,24
	0,12,24
net1326	The number of pins: 2
	0,20,48
	0,20,49
net1327	The number of pins: 2
	0,12,24
	0,11,31
net1328	The number of pins: 2
	0,30,44
	0,35,45
net1329	The number of pins: 2
	0,38,31
	0,43,36
net1330	The number of pins: 2
	0,9,47
	0,9,49
net1331	The number of pins: 2
	0,15,27
	0,14,30
net1332	The number of pins: 2
	0,28,13
	0,28,21
net1333	The number of pins: 2
	0,53,17
	0,53,16
net1334	The number of pins: 2
	0,38,32
	0,38,32
net1335	The number of pins: 2
	0,13,54
	0,14,55
net1336	The number of pins: 2
	0,33,34
	0,32,34
net1337	The number of pins: 2
	0,56,43
	0,56,44
net1338	The number of pins: 2
	0,26,14
	0,29,13
net1339	The number of pins: 2
	0,54,20
	0,52,25
net1340	The number of pins: 2
	0,34,44
	0,33,45
net1341	The number of pins: 2
	0,21,29
	0,21,29
net1342	The number of pins: 2
	0,56,32
	0,53,31
net1343	The number of pins: 2
	0,28,37
	0,34,38
net1344	The number of pins: 2
	0,28,52
	0,23,54
net1345	The number of pins: 2
	0,15,48
	0,15,50
net1346	The number of pins: 2
	0,52,17
	0,52,20
net1347	The number of pins: 2
	0,9,43
	0,8,45
net1348	The number of pins: 2
	0,25,38
	0,24,38
net1349	The number of pins: 2
	0,38,31
	0,36,36
net1350	The number of pins: 2
	0,29,44
	0,16,46
net1351	The number of pins: 2
	0,22,42
	0,18,50
net1352	The number of pins: 2
	0,32,30
	0,32,35
net1353	The number of pins: 2
	0,25,37
	0,33,40
net1354	The number of pins: 2
	0,23,45
	0,21,45
net1355	The number of pins: 2
	0,25,37
	0,24,37
net1356	The number of pins: 2
	0,30,26
	0,29,26
net1357	The number of pins: 2
	0,26,56
	0,26,54
net1358	The number of pins: 2
	0,33,51
	0,40,53
net1359	The number of pins: 2
	0,25,32
	0,25,38
net1360	The number of pins: 2
	0,25,17
	0,27,17
net1361	The number of pins: 2
	0,37,19
	0,33,20
net1362	The number of pins: 2
	0,27,39
	0,32,40
net1363	The number of pins: 2
	0,37,37
	0,41,40
net1364	The number of pins: 2
	0,34,45
	0,27,49
net1365	The number of pins: 2
	0,32,40
	0,35,41
net1366	The number of pins: 2
	0,26,40
	0,25,40
net1367	The number of pins: 2
	0,34,45
	0,28,44
net1368	The number of pins: 2
	0,32,40
	0,33,41
net1369	The number of pins: 2
	0,15,48
	0,15,48
net1370	The number of pins: 2
	0,43,40
	0,42,46
net1371	The number of pins: 2
	0,8,45
	0,9,48
net1372	The number of pins: 2
	0,27,15
	0,27,17
net1373	The number of pins: 2
	0,22,16
	0,22,27
net1374	The number of pins: 2
	0,39,48
	0,37,49
net1375	The number of pins: 2
	0,36,36
	0,38,37
net1376	The number of pins: 2
	0,23,45
	0,22,47
net1377	The number of pins: 2
	0,24,40
	0,28,40
net1378	The number of pins: 2
	0,28,31
	0,25,30
net1379	The number of pins: 2
	0,21,48
	0,15,48
net1380	The number of pins: 2
	0,18,32
	0,11,33
net1381	The number of pins: 2
	0,11,48
	0,3,48
net1382	The number of pins: 2
	0,19,37
	0,20,40
net1383	The number of pins: 2
	0,15,28
	0,15,27
net1384	The number of pins: 2
	0,25,39
	0,23,39
net1385	The number of pins: 2
	0,36,36
	0,35,35
net1386	The number of pins: 2
	0,32,40
	0,33,42
net1387	The number of pins: 2
	0,16,45
	0,17,48
net1388	The number of pins: 2
	0,34,38
	0,26,36
net1389	The number of pins: 2
	0,55,16
	0,55,25
net1390	The number of pins: 2
	0,26,40
	0,25,39
net1391	The number of pins: 2
	0,13,24
	0,12,24
net1392	The number of pins: 2
	0,25,10
	0,25,12
net1393	The number of pins: 2
	0,32,23
	0,29,22
net1394	The number of pins: 2
	0,12,49
	0,12,46
net1395	The number of pins: 2
	0,33,53
	0,30,52
net1396	The number of pins: 2
	0,31,16
	0,33,18
net1397	The number of pins: 2
	0,28,49
	0,23,49
net1398	The number of pins: 2
	0,27,12
	0,27,13
net1399	The number of pins: 2
	0,28,21
	0,28,21
net1400	The number of pins: 2
	0,17,47
	0,14,45
net1401	The number of pins: 2
	0,36,36
	0,35,37
net1402	The number of pins: 2
	0,29,12
	0,25,12
net1403	The number of pins: 2
	0,23,39
	0,25,39
net1404	The number of pins: 2
	0,21,49
	0,19,48
net1405	The number of pins: 2
	0,27,17
	0,26,17
net1406	The number of pins: 2
	0,31,9
	0,31,9
net1407	The number of pins: 2
	0,15,25
	0,14,27
net1408	The number of pins: 2
	0,32,35
	0,33,38
net1409	The number of pins: 2
	0,26,13
	0,27,12
net1410	The number of pins: 2
	0,13,49
	0,15,48
net1411	The number of pins: 2
	0,21,21
	0,20,22
net1412	The number of pins: 2
	0,18,53
	0,21,53
net1413	The number of pins: 2
	0,25,16
	0,26,19
net1414	The number of pins: 2
	0,27,27
	0,26,27
net1415	The number of pins: 2
	0,33,45
	0,33,48
net1416	The number of pins: 2
	0,32,37
	0,32,39
net1417	The number of pins: 2
	0,61,38
	0,60,38
net1418	The number of pins: 2
	0,12,52
	0,18,53
net1419	The number of pins: 2
	0,28,16
	0,29,20
net1420	The number of pins: 2
	0,27,41
	0,26,42
net1421	The number of pins: 2
	0,21,33
	0,14,38
net1422	The number of pins: 2
	0,47,34
	0,47,36
net1423	The number of pins: 2
	0,22,51
	0,23,49
net1424	The number of pins: 2
	0,22,49
	0,21,49
net1425	The number of pins: 2
	0,22,20
	0,22,22
net1426	The number of pins: 2
	0,54,27
	0,54,30
net1427	The number of pins: 2
	0,24,22
	0,24,28
net1428	The number of pins: 2
	0,38,31
	0,35,31
net1429	The number of pins: 2
	0,40,47
	0,39,48
net1430	The number of pins: 2
	0,8,49
	0,10,54
net1431	The number of pins: 2
	0,28,51
	0,27,52
net1432	The number of pins: 2
	0,27,27
	0,21,25
net1433	The number of pins: 2
	0,25,39
	0,24,40
net1434	The number of pins: 2
	0,18,50
	0,17,49
net1435	The number of pins: 2
	0,29,9
	0,29,9
net1436	The number of pins: 2
	0,38,37
	0,37,41
net1437	The number of pins: 2
	0,24,39
	0,26,43
net1438	The number of pins: 2
	0,33,21
	0,32,20
net1439	The number of pins: 2
	0,34,28
	0,34,27
net1440	The number of pins: 2
	0,26,13
	0,26,14
net1441	The number of pins: 2
	0,26,39
	0,26,40
net1442	The number of pins: 2
	0,28,52
	0,26,54
net1443	The number of pins: 2
	0,48,19
	0,48,18
net1444	The number of pins: 2
	0,26,27
	0,21,27
net1445	The number of pins: 2
	0,39,36
	0,38,36
net1446	The number of pins: 2
	0,11,24
	0,12,24
net1447	The number of pins: 2
	0,30,55
	0,25,55
net1448	The number of pins: 2
	0,39,46
	0,37,47
net1449	The number of pins: 2
	0,12,49
	0,11,48
net1450	The number of pins: 2
	0,23,35
	0,23,36
net1451	The number of pins: 2
	0,25,37
	0,25,38
net1452	The number of pins: 2
	0,28,40
	0,26,40
net1453	The number of pins: 2
	0,61,40
	0,61,41
net1454	The number of pins: 2
	0,27,32
	0,27,36
net1455	The number of pins: 2
	0,39,24
	0,42,24
net1456	The number of pins: 2
	0,47,20
	0,47,19
net1457	The number of pins: 2
	0,46,38
	0,46,37
net1458	The number of pins: 2
	0,25,39
	0,25,39
net1459	The number of pins: 2
	0,23,15
	0,25,17
net1460	The number of pins: 2
	0,44,39
	0,48,40
net1461	The number of pins: 2
	0,32,20
	0,32,21
net1462	The number of pins: 2
	0,2,42
	0,1,41
net1463	The number of pins: 2
	0,38,16
	0,36,15
net1464	The number of pins: 2
	0,25,36
	0,27,36
net1465	The number of pins: 2
	0,3,41
	0,2,42
net1466	The number of pins: 2
	0,47,42
	0,46,41
net1467	The number of pins: 2
	0,37,11
	0,37,14
net1468	The number of pins: 2
	0,21,20
	0,23,19
net1469	The number of pins: 2
	0,62,1
	0,63,0
net1470	The number of pins: 2
	0,18,50
	0,18,51
net1471	The number of pins: 2
	0,18,13
	0,22,13
net1472	The number of pins: 2
	0,23,48
	0,23,49
net1473	The number of pins: 2
	0,25,39
	0,25,39
net1474	The number of pins: 2
	0,26,54
	0,24,54
net1475	The number of pins: 2
	0,22,49
	0,23,48
net1476	The number of pins: 2
	0,28,24
	0,29,26
net1477	The number of pins: 2
	0,17,20
	0,17,21
net1478	The number of pins: 2
	0,22,24
	0,23,25
net1479	The number of pins: 2
	0,22,18
	0,22,23
net1480	The number of pins: 2
	0,21,33
	0,23,37
net1481	The number of pins: 2
	0,47,24
	0,46,23
net1482	The number of pins: 2
	0,27,26
	0,27,26
net1483	The number of pins: 2
	0,20,17
	0,16,24
net1484	The number of pins: 2
	0,39,49
	0,39,48
net1485	The number of pins: 2
	0,26,42
	0,27,43
net1486	The number of pins: 2
	0,36,51
	0,35,51
net1487	The number of pins: 2
	0,13,54
	0,14,50
net1488	The number of pins: 2
	0,34,36
	0,32,37
net1489	The number of pins: 2
	0,26,26
	0,27,29
net1490	The number of pins: 2
	0,3,41
	0,4,42
net1491	The number of pins: 2
	0,43,52
	0,43,53
net1492	The number of pins: 2
	0,10,55
	0,10,56
net1493	The number of pins: 2
	0,42,21
	0,48,20
net1494	The number of pins: 2
	0,23,39
	0,23,40
net1495	The number of pins: 2
	0,23,40
	0,19,42
net1496	The number of pins: 2
	0,26,26
	0,27,27
net1497	The number of pins: 2
	0,44,53
	0,45,51
net1498	The number of pins: 2
	0,40,31
	0,40,32
net1499	The number of pins: 2
	0,17,27
	0,17,28
net1500	The number of pins: 2
	0,26,14
	0,25,17
net1501	The number of pins: 2
	0,25,31
	0,24,31
net1502	The number of pins: 2
	0,45,17
	0,47,19
net1503	The number of pins: 2
	0,26,52
	0,27,52
net1504	The number of pins: 2
	0,24,11
	0,24,12
net1505	The number of pins: 2
	0,23,20
	0,23,18
net1506	The number of pins: 2
	0,28,53
	0,28,53
net1507	The number of pins: 2
	0,44,43
	0,46,44
net1508	The number of pins: 2
	0,27,29
	0,27,30
net1509	The number of pins: 2
	0,25,12
	0,25,13
net1510	The number of pins: 2
	0,53,22
	0,53,20
net1511	The number of pins: 2
	0,63,64
	0,62,65
net1512	The number of pins: 2
	0,27,52
	0,30,52
net1513	The number of pins: 2
	0,22,11
	0,22,12
net1514	The number of pins: 2
	0,44,43
	0,43,42
net1515	The number of pins: 2
	0,25,46
	0,25,46
net1516	The number of pins: 2
	0,18,32
	0,18,36
net1517	The number of pins: 2
	0,32,26
	0,32,27
net1518	The number of pins: 2
	0,20,21
	0,19,21
net1519	The number of pins: 2
	0,26,40
	0,34,40
net1520	The number of pins: 2
	0,51,42
	0,51,42
net1521	The number of pins: 2
	0,26,22
	0,25,27
net1522	The number of pins: 2
	0,35,15
	0,34,15
net1523	The number of pins: 2
	0,54,23
	0,53,22
net1524	The number of pins: 2
	0,44,46
	0,43,47
net1525	The number of pins: 2
	0,35,10
	0,33,10
net1526	The number of pins: 2
	0,7,34
	0,9,35
net1527	The number of pins: 2
	0,60,27
	0,59,28
net1528	The number of pins: 2
	0,32,8
	0,33,9
net1529	The number of pins: 2
	0,23,45
	0,23,46
net1530	The number of pins: 2
	0,18,32
	0,16,33
net1531	The number of pins: 2
	0,20,19
	0,20,21
net1532	The number of pins: 2
	0,15,20
	0,16,21
net1533	The number of pins: 2
	0,54,39
	0,53,41
net1534	The number of pins: 2
	0,10,39
	0,11,39
net1535	The number of pins: 2
	0,37,51
	0,41,51
net1536	The number of pins: 2
	0,57,26
	0,56,27
net1537	The number of pins: 2
	0,20,27
	0,20,27
net1538	The number of pins: 2
	0,29,54
	0,30,53
net1539	The number of pins: 2
	0,21,13
	0,20,12
net1540	The number of pins: 2
	0,20,40
	0,19,41
net1541	The number of pins: 2
	0,28,53
	0,29,52
net1542	The number of pins: 2
	0,45,19
	0,45,21
net1543	The number of pins: 2
	0,30,21
	0,30,22
net1544	The number of pins: 2
	0,24,42
	0,26,42
net1545	The number of pins: 2
	0,30,21
	0,32,21
net1546	The number of pins: 2
	0,63,1
	0,62,1
net1547	The number of pins: 2
	0,33,52
	0,31,51
net1548	The number of pins: 2
	0,33,29
	0,35,30
net1549	The number of pins: 2
	0,39,34
	0,39,34
net1550	The number of pins: 2
	0,38,10
	0,38,11
net1551	The number of pins: 2
	0,46,39
	0,46,40
net1552	The number of pins: 2
	0,23,42
	0,23,42
net1553	The number of pins: 2
	0,11,43
	0,10,43
net1554	The number of pins: 2
	0,58,38
	0,58,39
net1555	The number of pins: 2
	0,52,42
	0,51,42
net1556	The number of pins: 2
	0,25,17
	0,26,16
net1557	The number of pins: 2
	0,47,20
	0,46,19
net1558	The number of pins: 2
	0,33,13
	0,33,13
net1559	The number of pins: 2
	0,35,24
	0,33,24
net1560	The number of pins: 2
	0,19,55
	0,17,55
net1561	The number of pins: 2
	0,32,23
	0,34,23
net1562	The number of pins: 2
	0,43,47
	0,43,49
net1563	The number of pins: 2
	0,61,31
	0,61,33
net1564	The number of pins: 2
	0,25,37
	0,25,37
net1565	The number of pins: 2
	0,52,36
	0,52,35
net1566	The number of pins: 2
	0,13,22
	0,14,22
net1567	The number of pins: 2
	0,11,25
	0,10,24
net1568	The number of pins: 2
	0,33,25
	0,31,25
net1569	The number of pins: 2
	0,15,27
	0,15,28
net1570	The number of pins: 2
	0,34,18
	0,35,19
net1571	The number of pins: 2
	0,31,24
	0,30,25
net1572	The number of pins: 2
	0,55,39
	0,53,40
net1573	The number of pins: 2
	0,62,64
	0,62,65
net1574	The number of pins: 2
	0,47,37
	0,46,39
net1575	The number of pins: 2
	0,13,47
	0,13,47
net1576	The number of pins: 2
	0,23,27
	0,23,29
net1577	The number of pins: 2
	0,13,35
	0,16,35
net1578	The number of pins: 2
	0,12,27
	0,12,27
net1579	The number of pins: 2
	0,51,41
	0,50,40
net1580	The number of pins: 2
	0,23,23
	0,22,25
net1581	The number of pins: 2
	0,40,24
	0,39,25
net1582	The number of pins: 2
	0,63,1
	0,62,1
net1583	The number of pins: 2
	0,61,29
	0,58,30
net1584	The number of pins: 2
	0,32,35
	0,32,36
net1585	The number of pins: 2
	0,55,26
	0,55,27
net1586	The number of pins: 2
	0,33,10
	0,33,9
net1587	The number of pins: 2
	0,24,17
	0,25,17
net1588	The number of pins: 2
	0,29,40
	0,29,40
net1589	The number of pins: 2
	0,22,17
	0,22,18
net1590	The number of pins: 2
	0,26,22
	0,26,23
net1591	The number of pins: 2
	0,18,51
	0,19,48
net1592	The number of pins: 2
	0,35,37
	0,34,39
net1593	The number of pins: 2
	0,20,48
	0,24,49
net1594	The number of pins: 2
	0,58,26
	0,58,25
net1595	The number of pins: 2
	0,61,27
	0,61,29
net1596	The number of pins: 2
	0,54,24
	0,54,25
net1597	The number of pins: 2
	0,3,39
	0,2,42
net1598	The number of pins: 2
	0,28,48
	0,27,48
net1599	The number of pins: 2
	0,24,40
	0,23,45
net1600	The number of pins: 2
	0,9,23
	0,9,23
net1601	The number of pins: 2
	0,9,25
	0,11,25
net1602	The number of pins: 2
	0,32,23
	0,33,24
net1603	The number of pins: 2
	0,0,1
	0,1,0
net1604	The number of pins: 2
	0,28,49
	0,28,50
net1605	The number of pins: 2
	0,46,37
	0,48,37
net1606	The number of pins: 2
	0,27,45
	0,27,45
net1607	The number of pins: 2
	0,47,51
	0,47,49
net1608	The number of pins: 2
	0,17,35
	0,18,35
net1609	The number of pins: 2
	0,14,28
	0,15,27
net1610	The number of pins: 2
	0,24,39
	0,24,40
net1611	The number of pins: 2
	0,38,32
	0,38,31
net1612	The number of pins: 2
	0,16,38
	0,17,38
net1613	The number of pins: 2
	0,51,36
	0,53,35
net1614	The number of pins: 2
	0,40,27
	0,37,27
net1615	The number of pins: 2
	0,53,21
	0,52,22
net1616	The number of pins: 2
	0,25,28
	0,25,30
net1617	The number of pins: 2
	0,47,32
	0,48,33
net1618	The number of pins: 2
	0,18,39
	0,18,38
net1619	The number of pins: 2
	0,58,1
	0,57,1
net1620	The number of pins: 2
	0,54,23
	0,54,24
net1621	The number of pins: 2
	0,32,39
	0,31,39
net1622	The number of pins: 2
	0,14,34
	0,14,35
net1623	The number of pins: 2
	0,26,49
	0,26,49
net1624	The number of pins: 2
	0,23,39
	0,22,38
net1625	The number of pins: 2
	0,33,20
	0,32,21
net1626	The number of pins: 2
	0,28,22
	0,29,22
net1627	The number of pins: 2
	0,27,53
	0,26,53
net1628	The number of pins: 2
	0,40,24
	0,40,24
net1629	The number of pins: 2
	0,44,19
	0,44,20
net1630	The number of pins: 2
	0,12,35
	0,12,35
net1631	The number of pins: 2
	0,24,54
	0,25,55
net1632	The number of pins: 2
	0,11,25
	0,11,24
net1633	The number of pins: 2
	0,26,40
	0,26,40
net1634	The number of pins: 2
	0,42,24
	0,42,24
net1635	The number of pins: 2
	0,50,44
	0,50,44
net1636	The number of pins: 2
	0,43,39
	0,43,41
net1637	The number of pins: 2
	0,49,38
	0,49,40
net1638	The number of pins: 2
	0,45,24
	0,37,24
net1639	The number of pins: 2
	0,30,34
	0,30,33
net1640	The number of pins: 2
	0,28,41
	0,27,42
net1641	The number of pins: 2
	0,26,25
	0,27,25
net1642	The number of pins: 2
	0,45,45
	0,45,45
net1643	The number of pins: 2
	0,41,46
	0,43,45
net1644	The number of pins: 2
	0,39,49
	0,38,48
net1645	The number of pins: 2
	0,25,12
	0,25,13
net1646	The number of pins: 2
	0,12,43
	0,13,47
net1647	The number of pins: 2
	0,50,34
	0,52,36
net1648	The number of pins: 2
	0,50,43
	0,49,43
net1649	The number of pins: 2
	0,34,33
	0,36,33
net1650	The number of pins: 2
	0,29,28
	0,30,28
net1651	The number of pins: 2
	0,61,27
	0,61,27
net1652	The number of pins: 2
	0,27,52
	0,27,52
net1653	The number of pins: 2
	0,43,45
	0,40,46
net1654	The number of pins: 2
	0,19,31
	0,21,35
net1655	The number of pins: 2
	0,28,21
	0,29,22
net1656	The number of pins: 2
	0,26,29
	0,25,28
net1657	The number of pins: 2
	0,8,49
	0,8,49
net1658	The number of pins: 2
	0,38,37
	0,25,37
net1659	The number of pins: 2
	0,26,17
	0,26,18
net1660	The number of pins: 2
	0,58,25
	0,57,25
net1661	The number of pins: 2
	0,33,24
	0,31,24
net1662	The number of pins: 2
	0,29,44
	0,23,46
net1663	The number of pins: 2
	0,12,55
	0,12,55
net1664	The number of pins: 2
	0,31,34
	0,32,33
net1665	The number of pins: 2
	0,21,52
	0,22,51
net1666	The number of pins: 2
	0,27,21
	0,26,22
net1667	The number of pins: 2
	0,17,15
	0,16,16
net1668	The number of pins: 2
	0,18,45
	0,19,44
net1669	The number of pins: 2
	0,54,21
	0,54,21
net1670	The number of pins: 2
	0,43,36
	0,43,34
net1671	The number of pins: 2
	0,24,21
	0,25,20
net1672	The number of pins: 2
	0,27,48
	0,27,48
net1673	The number of pins: 2
	0,30,40
	0,25,37
net1674	The number of pins: 2
	0,56,36
	0,57,36
net1675	The number of pins: 2
	0,20,44
	0,20,43
net1676	The number of pins: 2
	0,32,16
	0,34,17
net1677	The number of pins: 2
	0,8,25
	0,11,24
net1678	The number of pins: 2
	0,22,15
	0,23,15
net1679	The number of pins: 2
	0,15,44
	0,14,45
net1680	The number of pins: 2
	0,11,28
	0,11,27
net1681	The number of pins: 2
	0,17,21
	0,15,19
net1682	The number of pins: 2
	0,3,50
	0,4,50
net1683	The number of pins: 2
	0,30,57
	0,31,57
net1684	The number of pins: 2
	0,2,3
	0,2,3
net1685	The number of pins: 2
	0,59,27
	0,59,26
net1686	The number of pins: 2
	0,41,28
	0,42,29
net1687	The number of pins: 2
	0,32,53
	0,28,52
net1688	The number of pins: 2
	0,40,47
	0,40,48
net1689	The number of pins: 2
	0,53,23
	0,53,24
net1690	The number of pins: 2
	0,61,36
	0,59,36
net1691	The number of pins: 2
	0,55,30
	0,56,30
net1692	The number of pins: 2
	0,32,44
	0,33,43
net1693	The number of pins: 2
	0,14,47
	0,13,47
net1694	The number of pins: 2
	0,31,13
	0,34,14
net1695	The number of pins: 2
	0,23,24
	0,25,24
net1696	The number of pins: 2
	0,11,36
	0,10,34
net1697	The number of pins: 2
	0,12,47
	0,13,45
net1698	The number of pins: 2
	0,16,20
	0,16,21
net1699	The number of pins: 2
	0,25,10
	0,24,10
net1700	The number of pins: 2
	0,62,28
	0,62,29
net1701	The number of pins: 2
	0,37,37
	0,41,37
net1702	The number of pins: 2
	0,8,22
	0,9,23
net1703	The number of pins: 2
	0,43,27
	0,48,24
net1704	The number of pins: 2
	0,43,45
	0,42,48
net1705	The number of pins: 2
	0,31,53
	0,30,52
net1706	The number of pins: 2
	0,33,34
	0,39,34
net1707	The number of pins: 2
	0,28,51
	0,28,50
net1708	The number of pins: 2
	0,39,27
	0,37,27
net1709	The number of pins: 2
	0,39,25
	0,39,25
net1710	The number of pins: 2
	0,30,25
	0,30,25
net1711	The number of pins: 2
	0,29,35
	0,30,36
net1712	The number of pins: 2
	0,20,5
	0,20,5
net1713	The number of pins: 2
	0,49,40
	0,49,41
net1714	The number of pins: 2
	0,2,42
	0,2,43
net1715	The number of pins: 2
	0,47,22
	0,45,24
net1716	The number of pins: 2
	0,44,23
	0,45,22
net1717	The number of pins: 2
	0,42,45
	0,42,46
net1718	The number of pins: 2
	0,19,40
	0,20,40
net1719	The number of pins: 2
	0,32,36
	0,31,36
net1720	The number of pins: 2
	0,40,28
	0,39,27
net1721	The number of pins: 2
	0,24,14
	0,24,13
net1722	The number of pins: 2
	0,35,28
	0,35,30
net1723	The number of pins: 2
	0,37,21
	0,40,21
net1724	The number of pins: 2
	0,51,36
	0,53,36
net1725	The number of pins: 2
	0,24,38
	0,23,39
net1726	The number of pins: 2
	0,44,22
	0,43,24
net1727	The number of pins: 2
	0,9,42
	0,9,43
net1728	The number of pins: 2
	0,63,66
	0,63,65
net1729	The number of pins: 2
	0,42,24
	0,42,23
net1730	The number of pins: 2
	0,8,51
	0,9,52
net1731	The number of pins: 2
	0,33,32
	0,34,33
net1732	The number of pins: 2
	0,30,32
	0,31,32
net1733	The number of pins: 2
	0,60,37
	0,61,39
net1734	The number of pins: 2
	0,48,44
	0,49,44
net1735	The number of pins: 2
	0,41,44
	0,40,45
net1736	The number of pins: 2
	0,32,24
	0,31,26
net1737	The number of pins: 2
	0,36,40
	0,36,39
net1738	The number of pins: 2
	0,49,26
	0,49,27
net1739	The number of pins: 2
	0,17,51
	0,17,50
net1740	The number of pins: 2
	0,27,26
	0,26,26
net1741	The number of pins: 2
	0,38,10
	0,40,10
net1742	The number of pins: 2
	0,53,37
	0,54,37
net1743	The number of pins: 2
	0,52,27
	0,51,27
net1744	The number of pins: 2
	0,43,17
	0,43,18
net1745	The number of pins: 2
	0,41,44
	0,41,43
net1746	The number of pins: 2
	0,39,27
	0,43,26
net1747	The number of pins: 2
	0,27,19
	0,28,18
net1748	The number of pins: 2
	0,61,28
	0,61,28
net1749	The number of pins: 2
	0,8,23
	0,9,22
net1750	The number of pins: 2
	0,57,30
	0,57,30
net1751	The number of pins: 2
	0,18,50
	0,18,49
net1752	The number of pins: 2
	0,36,18
	0,33,18
net1753	The number of pins: 2
	0,38,40
	0,38,41
net1754	The number of pins: 2
	0,64,65
	0,62,65
net1755	The number of pins: 2
	0,38,22
	0,38,24
net1756	The number of pins: 2
	0,18,48
	0,17,48
net1757	The number of pins: 2
	0,27,39
	0,26,40
net1758	The number of pins: 2
	0,57,25
	0,57,26
net1759	The number of pins: 2
	0,47,42
	0,52,44
net1760	The number of pins: 2
	0,49,32
	0,46,31
net1761	The number of pins: 2
	0,39,46
	0,39,45
net1762	The number of pins: 2
	0,30,51
	0,33,51
net1763	The number of pins: 2
	0,32,45
	0,32,45
net1764	The number of pins: 2
	0,35,14
	0,33,13
net1765	The number of pins: 2
	0,27,39
	0,26,40
net1766	The number of pins: 2
	0,30,32
	0,30,32
net1767	The number of pins: 2
	0,19,21
	0,17,23
net1768	The number of pins: 2
	0,44,51
	0,44,51
net1769	The number of pins: 2
	0,23,13
	0,24,13
net1770	The number of pins: 2
	0,55,28
	0,54,30
net1771	The number of pins: 2
	0,21,36
	0,22,36
net1772	The number of pins: 2
	0,18,29
	0,17,29
net1773	The number of pins: 2
	0,16,20
	0,16,19
net1774	The number of pins: 2
	0,15,54
	0,15,54
net1775	The number of pins: 2
	0,47,41
	0,45,40
net1776	The number of pins: 2
	0,22,21
	0,21,19
net1777	The number of pins: 2
	0,26,14
	0,26,14
net1778	The number of pins: 2
	0,39,30
	0,38,32
net1779	The number of pins: 2
	0,57,20
	0,58,20
net1780	The number of pins: 2
	0,40,22
	0,41,22
net1781	The number of pins: 2
	0,44,46
	0,44,46
net1782	The number of pins: 2
	0,25,39
	0,26,40
net1783	The number of pins: 2
	0,32,35
	0,32,35
net1784	The number of pins: 2
	0,26,16
	0,26,15
net1785	The number of pins: 2
	0,17,51
	0,17,50
net1786	The number of pins: 2
	0,24,18
	0,23,17
net1787	The number of pins: 2
	0,16,51
	0,16,51
net1788	The number of pins: 2
	0,31,12
	0,32,12
net1789	The number of pins: 2
	0,25,25
	0,25,26
net1790	The number of pins: 2
	0,22,24
	0,21,23
net1791	The number of pins: 2
	0,43,45
	0,43,45
net1792	The number of pins: 2
	0,45,35
	0,45,36
net1793	The number of pins: 2
	0,15,39
	0,15,40
net1794	The number of pins: 2
	0,55,23
	0,54,21
net1795	The number of pins: 2
	0,25,37
	0,25,37
net1796	The number of pins: 2
	0,50,42
	0,49,42
net1797	The number of pins: 2
	0,4,65
	0,3,66
net1798	The number of pins: 2
	0,59,32
	0,59,33
net1799	The number of pins: 2
	0,32,50
	0,31,49
net1800	The number of pins: 2
	0,50,18
	0,51,17
net1801	The number of pins: 2
	0,20,24
	0,20,25
net1802	The number of pins: 2
	0,20,20
	0,20,20
net1803	The number of pins: 2
	0,31,12
	0,31,12
net1804	The number of pins: 2
	0,22,41
	0,24,41
net1805	The number of pins: 2
	0,20,55
	0,20,56
net1806	The number of pins: 2
	0,58,35
	0,58,33
net1807	The number of pins: 2
	0,48,33
	0,48,35
net1808	The number of pins: 2
	0,21,21
	0,22,22
net1809	The number of pins: 2
	0,51,40
	0,51,40
net1810	The number of pins: 2
	0,21,40
	0,25,39
net1811	The number of pins: 2
	0,5,44
	0,5,45
net1812	The number of pins: 2
	0,20,20
	0,21,19
net1813	The number of pins: 2
	0,20,16
	0,21,15
net1814	The number of pins: 2
	0,29,19
	0,29,18
net1815	The number of pins: 2
	0,28,53
	0,26,53
net1816	The number of pins: 2
	0,16,16
	0,16,19
net1817	The number of pins: 2
	0,29,26
	0,29,25
net1818	The number of pins: 2
	0,45,36
	0,44,36
net1819	The number of pins: 2
	0,22,17
	0,22,16
net1820	The number of pins: 2
	0,63,0
	0,62,1
net1821	The number of pins: 2
	0,40,33
	0,40,33
net1822	The number of pins: 2
	0,33,9
	0,35,9
net1823	The number of pins: 2
	0,20,40
	0,21,40
net1824	The number of pins: 2
	0,33,11
	0,33,12
net1825	The number of pins: 2
	0,25,16
	0,24,17
net1826	The number of pins: 2
	0,22,16
	0,26,17
net1827	The number of pins: 2
	0,25,46
	0,24,47
net1828	The number of pins: 2
	0,37,36
	0,38,37
net1829	The number of pins: 2
	0,49,35
	0,49,35
net1830	The number of pins: 2
	0,26,23
	0,25,24
net1831	The number of pins: 2
	0,26,21
	0,26,20
net1832	The number of pins: 2
	0,11,46
	0,11,48
net1833	The number of pins: 2
	0,10,47
	0,11,46
net1834	The number of pins: 2
	0,41,31
	0,41,30
net1835	The number of pins: 2
	0,32,24
	0,33,24
net1836	The number of pins: 2
	0,28,12
	0,28,12
net1837	The number of pins: 2
	0,54,30
	0,53,39
net1838	The number of pins: 2
	0,8,40
	0,8,41
net1839	The number of pins: 2
	0,22,40
	0,23,39
net1840	The number of pins: 2
	0,61,34
	0,61,36
net1841	The number of pins: 2
	0,52,42
	0,51,39
net1842	The number of pins: 2
	0,24,17
	0,23,17
net1843	The number of pins: 2
	0,17,53
	0,16,51
net1844	The number of pins: 2
	0,40,36
	0,42,36
net1845	The number of pins: 2
	0,38,43
	0,40,43
net1846	The number of pins: 2
	0,22,18
	0,20,18
net1847	The number of pins: 2
	0,23,18
	0,22,19
net1848	The number of pins: 2
	0,24,25
	0,25,27
net1849	The number of pins: 2
	0,13,38
	0,13,37
net1850	The number of pins: 2
	0,12,36
	0,10,36
net1851	The number of pins: 2
	0,52,27
	0,53,28
net1852	The number of pins: 2
	0,44,36
	0,43,40
net1853	The number of pins: 2
	0,57,37
	0,56,43
net1854	The number of pins: 2
	0,54,25
	0,49,27
net1855	The number of pins: 2
	0,64,1
	0,64,0
net1856	The number of pins: 2
	0,41,21
	0,40,23
net1857	The number of pins: 2
	0,40,18
	0,40,18
net1858	The number of pins: 2
	0,31,28
	0,32,27
net1859	The number of pins: 2
	0,20,15
	0,20,16
net1860	The number of pins: 2
	0,41,40
	0,41,40
net1861	The number of pins: 2
	0,18,42
	0,19,42
net1862	The number of pins: 2
	0,52,23
	0,52,23
net1863	The number of pins: 2
	0,31,53
	0,32,52
net1864	The number of pins: 2
	0,16,48
	0,16,48
net1865	The number of pins: 2
	0,13,51
	0,13,52
net1866	The number of pins: 2
	0,22,15
	0,21,14
net1867	The number of pins: 2
	0,36,39
	0,35,38
net1868	The number of pins: 2
	0,31,32
	0,31,33
net1869	The number of pins: 2
	0,54,35
	0,53,34
net1870	The number of pins: 2
	0,2,0
	0,1,0
net1871	The number of pins: 2
	0,40,21
	0,41,22
net1872	The number of pins: 2
	0,13,22
	0,12,23
net1873	The number of pins: 2
	0,14,57
	0,14,57
net1874	The number of pins: 2
	0,13,36
	0,13,36
net1875	The number of pins: 2
	0,46,21
	0,46,20
net1876	The number of pins: 2
	0,9,35
	0,10,35
net1877	The number of pins: 2
	0,62,30
	0,62,31
net1878	The number of pins: 2
	0,60,30
	0,56,31
net1879	The number of pins: 2
	0,42,40
	0,42,39
net1880	The number of pins: 2
	0,28,33
	0,28,34
net1881	The number of pins: 2
	0,21,38
	0,20,37
net1882	The number of pins: 2
	0,26,35
	0,25,35
net1883	The number of pins: 2
	0,58,37
	0,57,38
net1884	The number of pins: 2
	0,24,43
	0,24,44
net1885	The number of pins: 2
	0,14,50
	0,13,51
net1886	The number of pins: 2
	0,42,23
	0,41,20
net1887	The number of pins: 2
	0,41,29
	0,41,27
net1888	The number of pins: 2
	0,51,27
	0,51,25
net1889	The number of pins: 2
	0,44,52
	0,47,51
net1890	The number of pins: 2
	0,34,9
	0,34,9
net1891	The number of pins: 2
	0,21,55
	0,21,55
net1892	The number of pins: 2
	0,5,43
	0,6,44
net1893	The number of pins: 2
	0,53,30
	0,53,30
net1894	The number of pins: 2
	0,34,27
	0,34,27
net1895	The number of pins: 2
	0,28,18
	0,28,21
net1896	The number of pins: 2
	0,20,35
	0,21,36
net1897	The number of pins: 2
	0,12,44
	0,11,42
net1898	The number of pins: 2
	0,56,30
	0,54,30
net1899	The number of pins: 2
	0,36,29
	0,37,28
net1900	The number of pins: 2
	0,44,20
	0,44,17
net1901	The number of pins: 2
	0,37,23
	0,37,23
net1902	The number of pins: 2
	0,44,20
	0,41,20
net1903	The number of pins: 2
	0,36,41
	0,36,41
net1904	The number of pins: 2
	0,31,14
	0,31,14
net1905	The number of pins: 2
	0,20,47
	0,20,46
net1906	The number of pins: 2
	0,27,9
	0,27,10
net1907	The number of pins: 2
	0,54,37
	0,54,37
net1908	The number of pins: 2
	0,24,20
	0,23,20
net1909	The number of pins: 2
	0,13,34
	0,13,34
net1910	The number of pins: 2
	0,37,22
	0,38,21
net1911	The number of pins: 2
	0,31,38
	0,30,37
net1912	The number of pins: 2
	0,27,40
	0,27,40
net1913	The number of pins: 2
	0,20,36
	0,20,37
net1914	The number of pins: 2
	0,14,55
	0,10,54
net1915	The number of pins: 2
	0,40,20
	0,40,21
net1916	The number of pins: 2
	0,3,48
	0,3,48
net1917	The number of pins: 2
	0,35,18
	0,36,18
net1918	The number of pins: 2
	0,62,36
	0,63,36
net1919	The number of pins: 2
	0,58,21
	0,58,24
net1920	The number of pins: 2
	0,43,32
	0,42,31
net1921	The number of pins: 2
	0,32,46
	0,32,45
net1922	The number of pins: 2
	0,11,22
	0,8,23
net1923	The number of pins: 2
	0,8,49
	0,8,50
net1924	The number of pins: 2
	0,7,36
	0,9,36
net1925	The number of pins: 2
	0,56,29
	0,56,26
net1926	The number of pins: 2
	0,58,1
	0,58,1
net1927	The number of pins: 2
	0,27,26
	0,28,26
net1928	The number of pins: 2
	0,29,20
	0,29,20
net1929	The number of pins: 2
	0,51,21
	0,51,22
net1930	The number of pins: 2
	0,32,17
	0,32,17
net1931	The number of pins: 2
	0,21,42
	0,21,42
net1932	The number of pins: 2
	0,8,24
	0,8,25
net1933	The number of pins: 2
	0,23,36
	0,23,37
net1934	The number of pins: 2
	0,4,42
	0,3,41
net1935	The number of pins: 2
	0,25,43
	0,24,42
net1936	The number of pins: 2
	0,17,46
	0,18,47
net1937	The number of pins: 2
	0,53,22
	0,52,22
net1938	The number of pins: 2
	0,33,50
	0,33,51
net1939	The number of pins: 2
	0,19,48
	0,19,50
net1940	The number of pins: 2
	0,9,45
	0,9,46
net1941	The number of pins: 2
	0,57,33
	0,56,33
net1942	The number of pins: 2
	0,41,47
	0,42,48
net1943	The number of pins: 2
	0,28,37
	0,27,38
net1944	The number of pins: 2
	0,39,34
	0,40,34
net1945	The number of pins: 2
	0,32,46
	0,33,47
net1946	The number of pins: 2
	0,32,40
	0,32,42
net1947	The number of pins: 2
	0,28,45
	0,29,45
net1948	The number of pins: 2
	0,23,46
	0,23,45
net1949	The number of pins: 2
	0,59,1
	0,59,1
net1950	The number of pins: 2
	0,53,26
	0,53,27
net1951	The number of pins: 2
	0,45,38
	0,46,39
net1952	The number of pins: 2
	0,47,38
	0,48,38
net1953	The number of pins: 2
	0,42,52
	0,43,52
net1954	The number of pins: 2
	0,27,42
	0,28,42
net1955	The number of pins: 2
	0,37,54
	0,37,54
net1956	The number of pins: 2
	0,19,17
	0,20,16
net1957	The number of pins: 2
	0,23,50
	0,24,49
net1958	The number of pins: 2
	0,13,42
	0,14,42
net1959	The number of pins: 2
	0,11,42
	0,11,42
net1960	The number of pins: 2
	0,60,27
	0,59,24
net1961	The number of pins: 2
	0,58,35
	0,58,36
net1962	The number of pins: 2
	0,38,26
	0,37,26
net1963	The number of pins: 2
	0,29,32
	0,31,32
net1964	The number of pins: 2
	0,34,51
	0,37,51
net1965	The number of pins: 2
	0,33,43
	0,34,45
net1966	The number of pins: 2
	0,43,44
	0,43,42
net1967	The number of pins: 2
	0,46,33
	0,46,32
net1968	The number of pins: 2
	0,12,48
	0,12,48
net1969	The number of pins: 2
	0,2,15
	0,1,15
net1970	The number of pins: 2
	0,19,38
	0,20,38
net1971	The number of pins: 2
	0,11,46
	0,11,46
net1972	The number of pins: 2
	0,55,26
	0,55,24
net1973	The number of pins: 2
	0,39,51
	0,40,51
net1974	The number of pins: 2
	0,4,46
	0,4,45
net1975	The number of pins: 2
	0,38,30
	0,37,30
net1976	The number of pins: 2
	0,19,37
	0,19,37
net1977	The number of pins: 2
	0,30,24
	0,31,25
net1978	The number of pins: 2
	0,22,36
	0,25,37
net1979	The number of pins: 2
	0,24,30
	0,24,30
net1980	The number of pins: 2
	0,19,47
	0,19,48
net1981	The number of pins: 2
	0,48,42
	0,48,44
net1982	The number of pins: 2
	0,1,66
	0,2,66
net1983	The number of pins: 2
	0,44,44
	0,44,44
net1984	The number of pins: 2
	0,51,21
	0,51,24
net1985	The number of pins: 2
	0,49,20
	0,49,19
net1986	The number of pins: 2
	0,39,9
	0,36,9
net1987	The number of pins: 2
	0,33,39
	0,33,40
net1988	The number of pins: 2
	0,39,30
	0,37,28
net1989	The number of pins: 2
	0,39,38
	0,40,38
net1990	The number of pins: 2
	0,18,38
	0,23,39
net1991	The number of pins: 2
	0,54,27
	0,54,27
net1992	The number of pins: 2
	0,43,22
	0,37,22
net1993	The number of pins: 2
	0,38,28
	0,43,29
net1994	The number of pins: 2
	0,30,21
	0,29,21
net1995	The number of pins: 2
	0,24,18
	0,26,14
net1996	The number of pins: 2
	0,50,38
	0,50,37
net1997	The number of pins: 2
	0,39,48
	0,39,51
net1998	The number of pins: 2
	0,31,24
	0,31,24
net1999	The number of pins: 2
	0,22,43
	0,22,43
net2000	The number of pins: 2
	0,16,30
	0,16,31
net2001	The number of pins: 2
	0,63,66
	0,63,66
net2002	The number of pins: 2
	0,14,28
	0,13,26
net2003	The number of pins: 2
	0,35,37
	0,34,37
net2004	The number of pins: 2
	0,10,54
	0,10,54
net2005	The number of pins: 2
	0,31,21
	0,31,20
net2006	The number of pins: 2
	0,22,18
	0,22,17
net2007	The number of pins: 2
	0,13,42
	0,16,41
net2008	The number of pins: 2
	0,10,51
	0,11,51
net2009	The number of pins: 2
	0,25,36
	0,25,38
net2010	The number of pins: 2
	0,9,16
	0,9,17
net2011	The number of pins: 2
	0,46,23
	0,46,24
net2012	The number of pins: 2
	0,26,42
	0,26,43
net2013	The number of pins: 2
	0,42,46
	0,40,47
net2014	The number of pins: 2
	0,32,33
	0,32,32
net2015	The number of pins: 2
	0,23,28
	0,23,26
net2016	The number of pins: 2
	0,49,42
	0,49,46
net2017	The number of pins: 2
	0,24,15
	0,23,14
net2018	The number of pins: 2
	0,38,36
	0,38,35
net2019	The number of pins: 2
	0,25,29
	0,25,30
net2020	The number of pins: 2
	0,27,26
	0,26,27
net2021	The number of pins: 2
	0,3,48
	0,3,47
net2022	The number of pins: 2
	0,31,9
	0,31,9
net2023	The number of pins: 2
	0,32,48
	0,33,47
net2024	The number of pins: 2
	0,58,2
	0,59,1
net2025	The number of pins: 2
	0,29,44
	0,29,43
net2026	The number of pins: 2
	0,58,1
	0,58,0
net2027	The number of pins: 2
	0,36,24
	0,36,24
net2028	The number of pins: 2
	0,46,32
	0,46,33
net2029	The number of pins: 2
	0,27,10
	0,27,10
net2030	The number of pins: 2
	0,10,46
	0,11,47
net2031	The number of pins: 2
	0,38,22
	0,38,22
net2032	The number of pins: 2
	0,33,29
	0,31,30
net2033	The number of pins: 2
	0,18,26
	0,18,26
net2034	The number of pins: 2
	0,14,45
	0,13,46
net2035	The number of pins: 2
	0,11,39
	0,12,39
net2036	The number of pins: 2
	0,11,33
	0,10,33
net2037	The number of pins: 2
	0,11,46
	0,15,45
net2038	The number of pins: 2
	0,11,52
	0,11,51
net2039	The number of pins: 2
	0,58,24
	0,59,23
net2040	The number of pins: 2
	0,13,33
	0,12,33
net2041	The number of pins: 2
	0,30,35
	0,30,34
net2042	The number of pins: 2
	0,17,38
	0,16,39
net2043	The number of pins: 2
	0,29,22
	0,29,22
net2044	The number of pins: 2
	0,56,30
	0,56,29
net2045	The number of pins: 2
	0,37,43
	0,38,43
net2046	The number of pins: 2
	0,16,44
	0,16,44
net2047	The number of pins: 2
	0,29,48
	0,29,48
net2048	The number of pins: 2
	0,30,40
	0,31,41
net2049	The number of pins: 2
	0,14,47
	0,13,48
net2050	The number of pins: 2
	0,9,50
	0,9,50
net2051	The number of pins: 2
	0,31,12
	0,32,11
net2052	The number of pins: 2
	0,18,43
	0,19,43
net2053	The number of pins: 2
	0,32,21
	0,33,20
net2054	The number of pins: 2
	0,9,15
	0,10,13
net2055	The number of pins: 2
	0,10,54
	0,10,55
net2056	The number of pins: 2
	0,41,20
	0,41,20
net2057	The number of pins: 2
	0,37,39
	0,38,40
net2058	The number of pins: 2
	0,28,40
	0,28,41
net2059	The number of pins: 2
	0,16,44
	0,17,44
net2060	The number of pins: 2
	0,37,41
	0,36,40
net2061	The number of pins: 2
	0,12,48
	0,12,47
net2062	The number of pins: 2
	0,57,23
	0,56,24
net2063	The number of pins: 2
	0,53,24
	0,53,24
net2064	The number of pins: 2
	0,8,35
	0,11,35
net2065	The number of pins: 2
	0,43,18
	0,43,18
net2066	The number of pins: 2
	0,32,38
	0,32,39
net2067	The number of pins: 2
	0,29,23
	0,29,23
net2068	The number of pins: 2
	0,17,34
	0,17,33
net2069	The number of pins: 2
	0,44,42
	0,42,41
net2070	The number of pins: 2
	0,55,30
	0,55,32
net2071	The number of pins: 2
	0,62,65
	0,61,65
net2072	The number of pins: 2
	0,6,43
	0,8,43
net2073	The number of pins: 2
	0,44,32
	0,44,33
net2074	The number of pins: 2
	0,45,20
	0,45,19
net2075	The number of pins: 2
	0,34,34
	0,34,34
net2076	The number of pins: 2
	0,21,51
	0,21,51
net2077	The number of pins: 2
	0,13,55
	0,14,55
net2078	The number of pins: 2
	0,38,45
	0,38,45
net2079	The number of pins: 2
	0,26,31
	0,25,31
net2080	The number of pins: 2
	0,41,56
	0,40,56
net2081	The number of pins: 2
	0,60,0
	0,60,1
net2082	The number of pins: 2
	0,45,39
	0,45,39
net2083	The number of pins: 2
	0,37,44
	0,36,44
net2084	The number of pins: 2
	0,38,56
	0,40,55
net2085	The number of pins: 2
	0,25,17
	0,25,17
net2086	The number of pins: 2
	0,22,34
	0,22,36
net2087	The number of pins: 2
	0,47,45
	0,43,45
net2088	The number of pins: 2
	0,23,35
	0,20,35
net2089	The number of pins: 2
	0,17,40
	0,17,41
net2090	The number of pins: 2
	0,36,29
	0,35,28
net2091	The number of pins: 2
	0,35,27
	0,34,27
net2092	The number of pins: 2
	0,32,37
	0,33,37
net2093	The number of pins: 2
	0,26,31
	0,26,32
net2094	The number of pins: 2
	0,23,14
	0,23,13
net2095	The number of pins: 2
	0,27,53
	0,27,53
net2096	The number of pins: 2
	0,16,39
	0,16,40
net2097	The number of pins: 2
	0,10,39
	0,11,39
net2098	The number of pins: 2
	0,5,51
	0,4,52
net2099	The number of pins: 2
	0,54,26
	0,55,26
net2100	The number of pins: 2
	0,39,30
	0,38,31
net2101	The number of pins: 2
	0,36,29
	0,35,28
net2102	The number of pins: 2
	0,39,47
	0,38,46
net2103	The number of pins: 2
	0,32,55
	0,31,54
net2104	The number of pins: 2
	0,30,41
	0,29,42
net2105	The number of pins: 2
	0,22,34
	0,22,34
net2106	The number of pins: 2
	0,12,50
	0,13,50
net2107	The number of pins: 2
	0,12,45
	0,13,45
net2108	The number of pins: 2
	0,21,34
	0,21,35
net2109	The number of pins: 2
	0,47,36
	0,47,35
net2110	The number of pins: 2
	0,42,21
	0,41,22
net2111	The number of pins: 2
	0,2,5
	0,1,4
net2112	The number of pins: 2
	0,42,51
	0,42,51
net2113	The number of pins: 2
	0,33,49
	0,34,49
net2114	The number of pins: 2
	0,21,14
	0,21,13
net2115	The number of pins: 2
	0,20,47
	0,20,47
net2116	The number of pins: 2
	0,39,53
	0,39,52
net2117	The number of pins: 2
	0,16,48
	0,16,50
net2118	The number of pins: 2
	0,64,63
	0,64,63
net2119	The number of pins: 2
	0,17,27
	0,16,27
net2120	The number of pins: 2
	0,18,32
	0,18,31
net2121	The number of pins: 2
	0,13,28
	0,13,27
net2122	The number of pins: 2
	0,21,54
	0,21,55
net2123	The number of pins: 2
	0,49,15
	0,50,18
net2124	The number of pins: 2
	0,19,53
	0,19,54
net2125	The number of pins: 2
	0,13,45
	0,15,45
net2126	The number of pins: 2
	0,59,33
	0,58,33
net2127	The number of pins: 2
	0,19,13
	0,19,15
net2128	The number of pins: 2
	0,45,39
	0,45,39
net2129	The number of pins: 2
	0,37,42
	0,38,42
net2130	The number of pins: 2
	0,26,37
	0,27,36
net2131	The number of pins: 2
	0,58,36
	0,59,38
net2132	The number of pins: 2
	0,26,9
	0,27,9
net2133	The number of pins: 2
	0,15,33
	0,15,33
net2134	The number of pins: 2
	0,60,37
	0,59,37
net2135	The number of pins: 2
	0,49,39
	0,48,39
net2136	The number of pins: 2
	0,64,61
	0,64,62
net2137	The number of pins: 2
	0,56,27
	0,53,27
net2138	The number of pins: 2
	0,29,22
	0,29,20
net2139	The number of pins: 2
	0,45,46
	0,45,47
net2140	The number of pins: 2
	0,32,20
	0,32,21
net2141	The number of pins: 2
	0,53,26
	0,53,25
net2142	The number of pins: 2
	0,29,39
	0,29,39
net2143	The number of pins: 2
	0,30,58
	0,31,58
net2144	The number of pins: 2
	0,58,27
	0,57,29
net2145	The number of pins: 2
	0,32,54
	0,32,54
net2146	The number of pins: 2
	0,54,26
	0,54,27
net2147	The number of pins: 2
	0,43,27
	0,43,23
net2148	The number of pins: 2
	0,38,42
	0,39,42
net2149	The number of pins: 2
	0,25,29
	0,25,28
net2150	The number of pins: 2
	0,24,47
	0,25,47
net2151	The number of pins: 2
	0,23,42
	0,24,43
net2152	The number of pins: 2
	0,43,31
	0,43,31
net2153	The number of pins: 2
	0,37,18
	0,36,18
net2154	The number of pins: 2
	0,18,37
	0,17,38
net2155	The number of pins: 2
	0,53,42
	0,53,42
net2156	The number of pins: 2
	0,26,24
	0,26,24
net2157	The number of pins: 2
	0,21,63
	0,20,64
net2158	The number of pins: 2
	0,1,15
	0,2,16
net2159	The number of pins: 2
	0,48,16
	0,48,16
net2160	The number of pins: 2
	0,40,11
	0,43,11
net2161	The number of pins: 2
	0,31,32
	0,31,32
net2162	The number of pins: 2
	0,44,48
	0,43,45
net2163	The number of pins: 2
	0,45,17
	0,47,18
net2164	The number of pins: 2
	0,21,39
	0,21,39
net2165	The number of pins: 2
	0,58,25
	0,58,23
net2166	The number of pins: 2
	0,37,27
	0,37,28
net2167	The number of pins: 2
	0,26,44
	0,27,44
net2168	The number of pins: 2
	0,20,49
	0,20,49
net2169	The number of pins: 2
	0,13,45
	0,13,44
net2170	The number of pins: 2
	0,4,45
	0,3,45
net2171	The number of pins: 2
	0,19,12
	0,18,14
net2172	The number of pins: 2
	0,42,26
	0,42,26
net2173	The number of pins: 2
	0,36,40
	0,32,38
net2174	The number of pins: 2
	0,20,35
	0,22,34
net2175	The number of pins: 2
	0,32,40
	0,32,37
net2176	The number of pins: 2
	0,13,42
	0,13,44
net2177	The number of pins: 2
	0,4,66
	0,4,66
net2178	The number of pins: 2
	0,13,28
	0,14,28
net2179	The number of pins: 2
	0,41,30
	0,41,30
net2180	The number of pins: 2
	0,42,21
	0,42,20
net2181	The number of pins: 2
	0,0,3
	0,1,3
net2182	The number of pins: 2
	0,26,24
	0,26,26
net2183	The number of pins: 2
	0,21,12
	0,20,12
net2184	The number of pins: 2
	0,56,19
	0,56,18
net2185	The number of pins: 2
	0,29,18
	0,29,18
net2186	The number of pins: 2
	0,40,49
	0,40,49
net2187	The number of pins: 2
	0,30,38
	0,31,38
net2188	The number of pins: 2
	0,36,54
	0,36,54
net2189	The number of pins: 2
	0,23,24
	0,23,26
net2190	The number of pins: 2
	0,22,30
	0,23,30
net2191	The number of pins: 2
	0,12,23
	0,11,24
net2192	The number of pins: 2
	0,35,46
	0,35,46
net2193	The number of pins: 2
	0,54,37
	0,55,39
net2194	The number of pins: 2
	0,35,32
	0,34,32
net2195	The number of pins: 2
	0,33,31
	0,32,31
net2196	The number of pins: 2
	0,25,11
	0,27,10
net2197	The number of pins: 2
	0,29,29
	0,30,30
net2198	The number of pins: 2
	0,30,52
	0,30,54
net2199	The number of pins: 2
	0,13,39
	0,14,40
net2200	The number of pins: 2
	0,64,63
	0,64,63
net2201	The number of pins: 2
	0,53,30
	0,52,29
net2202	The number of pins: 2
	0,27,18
	0,27,17
net2203	The number of pins: 2
	0,62,28
	0,62,30
net2204	The number of pins: 2
	0,38,20
	0,39,22
net2205	The number of pins: 2
	0,41,45
	0,41,45
net2206	The number of pins: 2
	0,33,44
	0,33,45
net2207	The number of pins: 2
	0,18,40
	0,19,40
net2208	The number of pins: 2
	0,15,45
	0,16,45
net2209	The number of pins: 2
	0,55,29
	0,55,29
net2210	The number of pins: 2
	0,39,30
	0,40,28
net2211	The number of pins: 2
	0,34,49
	0,35,50
net2212	The number of pins: 2
	0,23,16
	0,23,17
net2213	The number of pins: 2
	0,20,14
	0,21,15
net2214	The number of pins: 2
	0,21,54
	0,22,54
net2215	The number of pins: 2
	0,40,37
	0,39,36
net2216	The number of pins: 2
	0,33,7
	0,34,8
net2217	The number of pins: 2
	0,37,46
	0,37,47
net2218	The number of pins: 2
	0,36,50
	0,37,50
net2219	The number of pins: 2
	0,27,17
	0,27,16
net2220	The number of pins: 2
	0,32,45
	0,31,45
net2221	The number of pins: 2
	0,11,52
	0,9,53
net2222	The number of pins: 2
	0,29,11
	0,28,10
net2223	The number of pins: 2
	0,19,54
	0,19,54
net2224	The number of pins: 2
	0,27,32
	0,26,32
net2225	The number of pins: 2
	0,31,35
	0,31,36
net2226	The number of pins: 2
	0,31,42
	0,29,42
net2227	The number of pins: 2
	0,8,48
	0,8,48
net2228	The number of pins: 2
	0,27,12
	0,27,12
net2229	The number of pins: 2
	0,20,48
	0,20,51
net2230	The number of pins: 2
	0,56,36
	0,52,36
net2231	The number of pins: 2
	0,52,34
	0,52,38
net2232	The number of pins: 2
	0,41,12
	0,43,15
net2233	The number of pins: 2
	0,41,9
	0,40,10
net2234	The number of pins: 2
	0,51,38
	0,51,38
net2235	The number of pins: 2
	0,43,19
	0,41,19
net2236	The number of pins: 2
	0,35,35
	0,35,34
net2237	The number of pins: 2
	0,27,56
	0,27,55
net2238	The number of pins: 2
	0,23,24
	0,23,24
net2239	The number of pins: 2
	0,18,48
	0,18,47
net2240	The number of pins: 2
	0,47,34
	0,47,33
net2241	The number of pins: 2
	0,35,30
	0,35,30
net2242	The number of pins: 2
	0,35,18
	0,35,18
net2243	The number of pins: 2
	0,10,42
	0,11,42
net2244	The number of pins: 2
	0,9,23
	0,8,22
net2245	The number of pins: 2
	0,20,56
	0,20,55
net2246	The number of pins: 2
	0,35,33
	0,35,37
net2247	The number of pins: 2
	0,19,44
	0,19,43
net2248	The number of pins: 2
	0,17,51
	0,17,51
net2249	The number of pins: 2
	0,10,14
	0,10,14
net2250	The number of pins: 2
	0,46,37
	0,46,37
net2251	The number of pins: 2
	0,43,20
	0,43,21
net2252	The number of pins: 2
	0,29,39
	0,29,39
net2253	The number of pins: 2
	0,33,51
	0,34,51
net2254	The number of pins: 2
	0,55,27
	0,55,30
net2255	The number of pins: 2
	0,37,45
	0,37,45
net2256	The number of pins: 2
	0,3,48
	0,3,51
net2257	The number of pins: 2
	0,2,65
	0,1,65
net2258	The number of pins: 2
	0,47,16
	0,48,16
net2259	The number of pins: 2
	0,50,39
	0,50,39
net2260	The number of pins: 2
	0,35,36
	0,36,36
net2261	The number of pins: 2
	0,20,12
	0,20,13
net2262	The number of pins: 2
	0,57,24
	0,56,22
net2263	The number of pins: 2
	0,26,29
	0,25,29
net2264	The number of pins: 2
	0,26,37
	0,25,37
net2265	The number of pins: 2
	0,37,54
	0,37,54
net2266	The number of pins: 2
	0,31,37
	0,31,39
net2267	The number of pins: 2
	0,23,46
	0,23,45
net2268	The number of pins: 2
	0,56,25
	0,55,25
net2269	The number of pins: 2
	0,48,16
	0,47,16
net2270	The number of pins: 2
	0,47,33
	0,48,36
net2271	The number of pins: 2
	0,38,33
	0,37,33
net2272	The number of pins: 2
	0,38,44
	0,38,45
net2273	The number of pins: 2
	0,14,12
	0,14,13
net2274	The number of pins: 2
	0,3,42
	0,3,40
net2275	The number of pins: 2
	0,40,45
	0,40,43
net2276	The number of pins: 2
	0,37,35
	0,37,37
net2277	The number of pins: 2
	0,54,30
	0,53,31
net2278	The number of pins: 2
	0,42,21
	0,42,21
net2279	The number of pins: 2
	0,29,26
	0,29,26
net2280	The number of pins: 2
	0,24,39
	0,24,40
net2281	The number of pins: 2
	0,22,34
	0,23,34
net2282	The number of pins: 2
	0,41,47
	0,40,47
net2283	The number of pins: 2
	0,22,36
	0,22,36
net2284	The number of pins: 2
	0,23,21
	0,23,21
net2285	The number of pins: 2
	0,27,36
	0,27,36
net2286	The number of pins: 2
	0,38,50
	0,39,50
net2287	The number of pins: 2
	0,30,20
	0,30,21
net2288	The number of pins: 2
	0,23,49
	0,23,52
net2289	The number of pins: 2
	0,61,39
	0,61,39
net2290	The number of pins: 2
	0,50,39
	0,49,39
net2291	The number of pins: 2
	0,48,37
	0,48,35
net2292	The number of pins: 2
	0,43,44
	0,44,44
net2293	The number of pins: 2
	0,32,17
	0,33,17
net2294	The number of pins: 2
	0,42,43
	0,42,43
net2295	The number of pins: 2
	0,34,43
	0,34,44
net2296	The number of pins: 2
	0,27,47
	0,27,47
net2297	The number of pins: 2
	0,25,53
	0,26,54
net2298	The number of pins: 2
	0,16,46
	0,16,46
net2299	The number of pins: 2
	0,16,47
	0,15,47
net2300	The number of pins: 2
	0,14,53
	0,14,53
net2301	The number of pins: 2
	0,35,36
	0,35,35
net2302	The number of pins: 2
	0,29,17
	0,30,17
net2303	The number of pins: 2
	0,35,51
	0,35,51
net2304	The number of pins: 2
	0,25,51
	0,25,50
net2305	The number of pins: 2
	0,24,51
	0,24,50
net2306	The number of pins: 2
	0,14,11
	0,14,12
net2307	The number of pins: 2
	0,14,50
	0,15,49
net2308	The number of pins: 2
	0,16,40
	0,16,40
net2309	The number of pins: 2
	0,44,37
	0,45,37
net2310	The number of pins: 2
	0,44,51
	0,44,50
net2311	The number of pins: 2
	0,35,48
	0,34,48
net2312	The number of pins: 2
	0,26,42
	0,26,42
net2313	The number of pins: 2
	0,23,49
	0,22,48
net2314	The number of pins: 2
	0,17,46
	0,16,46
net2315	The number of pins: 2
	0,7,36
	0,6,35
net2316	The number of pins: 2
	0,7,44
	0,7,45
net2317	The number of pins: 2
	0,64,36
	0,63,36
net2318	The number of pins: 2
	0,38,32
	0,39,33
net2319	The number of pins: 2
	0,18,44
	0,20,44
net2320	The number of pins: 2
	0,32,37
	0,32,38
net2321	The number of pins: 2
	0,42,35
	0,43,35
net2322	The number of pins: 2
	0,30,39
	0,30,40
net2323	The number of pins: 2
	0,35,52
	0,36,52
net2324	The number of pins: 2
	0,34,50
	0,33,49
net2325	The number of pins: 2
	0,28,43
	0,28,43
net2326	The number of pins: 2
	0,23,52
	0,22,51
net2327	The number of pins: 2
	0,16,51
	0,18,51
net2328	The number of pins: 2
	0,39,31
	0,39,31
net2329	The number of pins: 2
	0,38,45
	0,37,45
net2330	The number of pins: 2
	0,14,28
	0,13,28
net2331	The number of pins: 2
	0,61,30
	0,58,31
net2332	The number of pins: 2
	0,37,15
	0,37,14
net2333	The number of pins: 2
	0,34,55
	0,34,53
net2334	The number of pins: 2
	0,26,41
	0,26,42
net2335	The number of pins: 2
	0,21,24
	0,21,24
net2336	The number of pins: 2
	0,18,28
	0,18,28
net2337	The number of pins: 2
	0,51,37
	0,51,39
net2338	The number of pins: 2
	0,49,39
	0,48,39
net2339	The number of pins: 2
	0,38,37
	0,37,37
net2340	The number of pins: 2
	0,30,50
	0,29,50
net2341	The number of pins: 2
	0,40,47
	0,39,46
net2342	The number of pins: 2
	0,37,40
	0,37,39
net2343	The number of pins: 2
	0,27,21
	0,27,21
net2344	The number of pins: 2
	0,44,41
	0,43,40
net2345	The number of pins: 2
	0,40,44
	0,41,42
net2346	The number of pins: 2
	0,22,26
	0,21,25
net2347	The number of pins: 2
	0,60,37
	0,61,38
net2348	The number of pins: 2
	0,11,47
	0,11,48
net2349	The number of pins: 2
	0,34,47
	0,33,49
net2350	The number of pins: 2
	0,48,43
	0,47,43
net2351	The number of pins: 2
	0,41,27
	0,41,27
net2352	The number of pins: 2
	0,34,32
	0,33,31
net2353	The number of pins: 2
	0,60,26
	0,61,27
net2354	The number of pins: 2
	0,33,50
	0,31,50
net2355	The number of pins: 2
	0,25,51
	0,26,51
net2356	The number of pins: 2
	0,22,41
	0,22,41
net2357	The number of pins: 2
	0,14,54
	0,14,52
net2358	The number of pins: 2
	0,56,23
	0,55,22
net2359	The number of pins: 2
	0,29,53
	0,28,54
net2360	The number of pins: 2
	0,22,51
	0,22,51
net2361	The number of pins: 2
	0,13,53
	0,13,52
net2362	The number of pins: 2
	0,37,39
	0,36,38
net2363	The number of pins: 2
	0,29,18
	0,29,17
net2364	The number of pins: 2
	0,31,45
	0,31,46
net2365	The number of pins: 2
	0,36,44
	0,36,43
net2366	The number of pins: 2
	0,8,51
	0,9,51
net2367	The number of pins: 2
	0,58,32
	0,58,32
net2368	The number of pins: 2
	0,3,45
	0,4,46
net2369	The number of pins: 2
	0,13,42
	0,12,42
net2370	The number of pins: 2
	0,12,38
	0,12,40
net2371	The number of pins: 2
	0,27,37
	0,26,40
net2372	The number of pins: 2
	0,46,18
	0,46,16
net2373	The number of pins: 2
	0,58,36
	0,58,34
net2374	The number of pins: 2
	0,59,33
	0,59,33
net2375	The number of pins: 2
	0,57,20
	0,56,21
net2376	The number of pins: 2
	0,39,24
	0,40,25
net2377	The number of pins: 2
	0,28,36
	0,29,36
net2378	The number of pins: 2
	0,11,49
	0,14,50
net2379	The number of pins: 2
	0,8,50
	0,9,49
net2380	The number of pins: 2
	0,51,42
	0,51,42
net2381	The number of pins: 2
	0,0,2
	0,0,1
net2382	The number of pins: 2
	0,12,17
	0,12,18
net2383	The number of pins: 2
	0,21,46
	0,21,47
net2384	The number of pins: 2
	0,26,11
	0,26,10
net2385	The number of pins: 2
	0,25,12
	0,25,12
net2386	The number of pins: 2
	0,30,45
	0,30,45
net2387	The number of pins: 2
	0,11,35
	0,11,35
net2388	The number of pins: 2
	0,42,33
	0,43,33
net2389	The number of pins: 2
	0,46,43
	0,46,45
net2390	The number of pins: 2
	0,39,40
	0,39,41
net2391	The number of pins: 2
	0,26,38
	0,25,39
net2392	The number of pins: 2
	0,26,42
	0,26,42
net2393	The number of pins: 2
	0,20,41
	0,21,41
net2394	The number of pins: 2
	0,13,40
	0,14,41
net2395	The number of pins: 2
	0,14,49
	0,14,51
net2396	The number of pins: 2
	0,37,14
	0,37,14
net2397	The number of pins: 2
	0,37,13
	0,37,13
net2398	The number of pins: 2
	0,64,64
	0,63,64
net2399	The number of pins: 2
	0,52,25
	0,49,23
net2400	The number of pins: 2
	0,50,27
	0,50,27
net2401	The number of pins: 2
	0,44,39
	0,44,39
net2402	The number of pins: 2
	0,27,12
	0,27,10
net2403	The number of pins: 2
	0,30,35
	0,31,35
net2404	The number of pins: 2
	0,30,55
	0,31,56
net2405	The number of pins: 2
	0,27,51
	0,26,51
net2406	The number of pins: 2
	0,23,53
	0,23,54
net2407	The number of pins: 2
	0,37,52
	0,38,53
net2408	The number of pins: 2
	0,34,44
	0,34,46
net2409	The number of pins: 2
	0,22,54
	0,22,54
net2410	The number of pins: 2
	0,15,52
	0,15,52
net2411	The number of pins: 2
	0,12,48
	0,13,48
net2412	The number of pins: 2
	0,16,31
	0,15,32
net2413	The number of pins: 2
	0,10,46
	0,9,47
net2414	The number of pins: 2
	0,23,42
	0,23,42
net2415	The number of pins: 2
	0,24,54
	0,24,55
net2416	The number of pins: 2
	0,14,55
	0,13,56
net2417	The number of pins: 2
	0,60,66
	0,61,66
net2418	The number of pins: 2
	0,30,23
	0,29,23
net2419	The number of pins: 2
	0,11,51
	0,11,53
net2420	The number of pins: 2
	0,43,46
	0,44,45
net2421	The number of pins: 2
	0,39,31
	0,41,32
net2422	The number of pins: 2
	0,35,30
	0,37,30
net2423	The number of pins: 2
	0,30,25
	0,30,25
net2424	The number of pins: 2
	0,25,15
	0,25,17
net2425	The number of pins: 2
	0,27,52
	0,27,52
net2426	The number of pins: 2
	0,5,35
	0,6,35
net2427	The number of pins: 2
	0,35,19
	0,34,19
net2428	The number of pins: 2
	0,17,27
	0,17,27
net2429	The number of pins: 2
	0,23,50
	0,21,50
net2430	The number of pins: 2
	0,23,53
	0,23,53
net2431	The number of pins: 2
	0,20,54
	0,19,53
net2432	The number of pins: 2
	0,14,44
	0,15,43
net2433	The number of pins: 2
	0,12,48
	0,10,50
net2434	The number of pins: 2
	0,5,40
	0,5,39
net2435	The number of pins: 2
	0,9,34
	0,10,33
net2436	The number of pins: 2
	0,48,43
	0,48,43
net2437	The number of pins: 2
	0,19,19
	0,21,19
net2438	The number of pins: 2
	0,35,9
	0,35,10
net2439	The number of pins: 2
	0,44,49
	0,43,46
net2440	The number of pins: 2
	0,36,16
	0,36,18
net2441	The number of pins: 2
	0,23,31
	0,23,30
net2442	The number of pins: 2
	0,19,30
	0,19,30
net2443	The number of pins: 2
	0,33,41
	0,33,41
net2444	The number of pins: 2
	0,24,15
	0,26,15
net2445	The number of pins: 2
	0,58,39
	0,58,39
net2446	The number of pins: 2
	0,52,22
	0,52,21
net2447	The number of pins: 2
	0,51,37
	0,51,38
net2448	The number of pins: 2
	0,33,27
	0,34,26
net2449	The number of pins: 2
	0,38,53
	0,38,53
net2450	The number of pins: 2
	0,20,36
	0,21,36
net2451	The number of pins: 2
	0,27,51
	0,27,51
net2452	The number of pins: 2
	0,21,42
	0,20,43
net2453	The number of pins: 2
	0,11,39
	0,11,39
net2454	The number of pins: 2
	0,4,50
	0,4,49
net2455	The number of pins: 2
	0,58,27
	0,56,27
net2456	The number of pins: 2
	0,28,9
	0,28,10
net2457	The number of pins: 2
	0,22,54
	0,22,54
net2458	The number of pins: 2
	0,23,44
	0,23,45
net2459	The number of pins: 2
	0,15,53
	0,15,52
net2460	The number of pins: 2
	0,14,47
	0,15,48
net2461	The number of pins: 2
	0,18,54
	0,17,54
net2462	The number of pins: 2
	0,8,44
	0,8,45
net2463	The number of pins: 2
	0,15,49
	0,15,49
net2464	The number of pins: 2
	0,21,55
	0,21,56
net2465	The number of pins: 2
	0,13,52
	0,13,50
net2466	The number of pins: 2
	0,12,48
	0,12,48
net2467	The number of pins: 2
	0,13,55
	0,15,55
net2468	The number of pins: 2
	0,54,36
	0,53,37
net2469	The number of pins: 2
	0,15,55
	0,15,54
net2470	The number of pins: 2
	0,42,32
	0,42,31
net2471	The number of pins: 2
	0,37,24
	0,40,26
net2472	The number of pins: 2
	0,27,47
	0,27,46
net2473	The number of pins: 2
	0,18,19
	0,18,19
net2474	The number of pins: 2
	0,63,66
	0,62,66
net2475	The number of pins: 2
	0,52,19
	0,51,21
net2476	The number of pins: 2
	0,17,42
	0,18,41
net2477	The number of pins: 2
	0,22,41
	0,22,40
net2478	The number of pins: 2
	0,12,33
	0,12,32
net2479	The number of pins: 2
	0,3,47
	0,3,47
net2480	The number of pins: 2
	0,43,46
	0,44,47
net2481	The number of pins: 2
	0,42,38
	0,42,38
net2482	The number of pins: 2
	0,24,23
	0,22,22
net2483	The number of pins: 2
	0,8,55
	0,11,57
net2484	The number of pins: 2
	0,43,39
	0,48,39
net2485	The number of pins: 2
	0,17,55
	0,15,56
net2486	The number of pins: 2
	0,55,23
	0,55,23
net2487	The number of pins: 2
	0,32,17
	0,32,17
net2488	The number of pins: 2
	0,27,21
	0,25,21
net2489	The number of pins: 2
	0,10,27
	0,10,27
net2490	The number of pins: 2
	0,6,52
	0,6,51
net2491	The number of pins: 2
	0,45,43
	0,46,39
net2492	The number of pins: 2
	0,27,12
	0,27,12
net2493	The number of pins: 2
	0,39,19
	0,39,19
net2494	The number of pins: 2
	0,12,18
	0,12,19
net2495	The number of pins: 2
	0,10,33
	0,11,33
net2496	The number of pins: 2
	0,42,30
	0,42,32
net2497	The number of pins: 2
	0,40,32
	0,40,31
net2498	The number of pins: 2
	0,42,49
	0,41,49
net2499	The number of pins: 2
	0,33,19
	0,33,18
net2500	The number of pins: 2
	0,34,44
	0,33,45
net2501	The number of pins: 2
	0,34,42
	0,31,42
net2502	The number of pins: 2
	0,26,26
	0,26,27
net2503	The number of pins: 2
	0,32,42
	0,32,42
net2504	The number of pins: 2
	0,25,37
	0,26,37
net2505	The number of pins: 2
	0,24,42
	0,24,42
net2506	The number of pins: 2
	0,15,55
	0,14,55
net2507	The number of pins: 2
	0,13,50
	0,14,49
net2508	The number of pins: 2
	0,2,29
	0,2,28
net2509	The number of pins: 2
	0,36,36
	0,36,36
net2510	The number of pins: 2
	0,39,40
	0,39,41
net2511	The number of pins: 2
	0,35,45
	0,33,45
net2512	The number of pins: 2
	0,31,51
	0,30,52
net2513	The number of pins: 2
	0,21,53
	0,21,52
net2514	The number of pins: 2
	0,16,43
	0,15,43
net2515	The number of pins: 2
	0,9,48
	0,10,48
net2516	The number of pins: 2
	0,53,31
	0,51,33
net2517	The number of pins: 2
	0,29,10
	0,29,10
net2518	The number of pins: 2
	0,31,42
	0,31,43
net2519	The number of pins: 2
	0,24,40
	0,24,40
net2520	The number of pins: 2
	0,22,41
	0,22,41
net2521	The number of pins: 2
	0,18,41
	0,19,42
net2522	The number of pins: 2
	0,18,51
	0,16,52
net2523	The number of pins: 2
	0,14,44
	0,14,44
net2524	The number of pins: 2
	0,37,11
	0,33,12
net2525	The number of pins: 2
	0,35,44
	0,34,43
net2526	The number of pins: 2
	0,20,39
	0,20,39
net2527	The number of pins: 2
	0,56,31
	0,56,32
net2528	The number of pins: 2
	0,28,53
	0,28,52
net2529	The number of pins: 2
	0,58,29
	0,58,28
net2530	The number of pins: 2
	0,55,28
	0,55,25
net2531	The number of pins: 2
	0,19,28
	0,19,28
net2532	The number of pins: 2
	0,63,61
	0,64,61
net2533	The number of pins: 2
	0,21,18
	0,21,18
net2534	The number of pins: 2
	0,43,40
	0,43,40
net2535	The number of pins: 2
	0,42,34
	0,41,33
net2536	The number of pins: 2
	0,32,22
	0,31,22
net2537	The number of pins: 2
	0,33,54
	0,33,54
net2538	The number of pins: 2
	0,27,38
	0,27,38
net2539	The number of pins: 2
	0,10,52
	0,10,53
net2540	The number of pins: 2
	0,50,14
	0,50,14
net2541	The number of pins: 2
	0,36,30
	0,35,30
net2542	The number of pins: 2
	0,7,47
	0,1,48
net2543	The number of pins: 2
	0,55,23
	0,56,24
net2544	The number of pins: 2
	0,41,39
	0,41,39
net2545	The number of pins: 2
	0,38,21
	0,38,23
net2546	The number of pins: 2
	0,29,10
	0,29,11
net2547	The number of pins: 2
	0,34,43
	0,32,42
net2548	The number of pins: 2
	0,28,41
	0,28,41
net2549	The number of pins: 2
	0,21,18
	0,21,20
net2550	The number of pins: 2
	0,21,50
	0,21,50
net2551	The number of pins: 2
	0,20,56
	0,21,56
net2552	The number of pins: 2
	0,14,43
	0,15,43
net2553	The number of pins: 2
	0,6,43
	0,13,43
net2554	The number of pins: 2
	0,17,54
	0,16,53
net2555	The number of pins: 2
	0,42,41
	0,45,42
net2556	The number of pins: 2
	0,39,42
	0,40,42
net2557	The number of pins: 2
	0,36,49
	0,37,50
net2558	The number of pins: 2
	0,32,51
	0,32,50
net2559	The number of pins: 2
	0,29,52
	0,30,52
net2560	The number of pins: 2
	0,28,54
	0,27,54
net2561	The number of pins: 2
	0,24,51
	0,23,51
net2562	The number of pins: 2
	0,19,53
	0,19,52
net2563	The number of pins: 2
	0,19,49
	0,19,49
net2564	The number of pins: 2
	0,41,30
	0,39,30
net2565	The number of pins: 2
	0,44,42
	0,44,40
net2566	The number of pins: 2
	0,29,13
	0,29,12
net2567	The number of pins: 2
	0,27,9
	0,27,9
net2568	The number of pins: 2
	0,21,17
	0,21,16
net2569	The number of pins: 2
	0,26,21
	0,28,22
net2570	The number of pins: 2
	0,23,29
	0,23,29
net2571	The number of pins: 2
	0,19,37
	0,19,35
net2572	The number of pins: 2
	0,19,56
	0,20,56
net2573	The number of pins: 2
	0,14,34
	0,12,32
net2574	The number of pins: 2
	0,37,43
	0,37,44
net2575	The number of pins: 2
	0,26,40
	0,26,39
net2576	The number of pins: 2
	0,26,28
	0,26,29
net2577	The number of pins: 2
	0,24,29
	0,23,28
net2578	The number of pins: 2
	0,21,34
	0,21,34
net2579	The number of pins: 2
	0,15,19
	0,14,19
net2580	The number of pins: 2
	0,14,56
	0,14,57
net2581	The number of pins: 2
	0,2,47
	0,3,48
net2582	The number of pins: 2
	0,10,25
	0,10,23
net2583	The number of pins: 2
	0,63,64
	0,63,64
net2584	The number of pins: 2
	0,57,1
	0,58,0
net2585	The number of pins: 2
	0,8,20
	0,9,22
net2586	The number of pins: 2
	0,43,45
	0,42,44
net2587	The number of pins: 2
	0,26,14
	0,27,12
net2588	The number of pins: 2
	0,29,20
	0,29,21
net2589	The number of pins: 2
	0,21,10
	0,21,11
net2590	The number of pins: 2
	0,17,54
	0,17,54
net2591	The number of pins: 2
	0,4,51
	0,3,50
net2592	The number of pins: 2
	0,54,39
	0,54,39
net2593	The number of pins: 2
	0,48,43
	0,49,44
net2594	The number of pins: 2
	0,42,35
	0,42,36
net2595	The number of pins: 2
	0,37,30
	0,37,29
net2596	The number of pins: 2
	0,35,40
	0,33,40
net2597	The number of pins: 2
	0,30,13
	0,32,14
net2598	The number of pins: 2
	0,28,24
	0,29,24
net2599	The number of pins: 2
	0,23,27
	0,23,28
net2600	The number of pins: 2
	0,30,55
	0,29,54
net2601	The number of pins: 2
	0,18,42
	0,17,42
net2602	The number of pins: 2
	0,29,47
	0,27,46
net2603	The number of pins: 2
	0,12,43
	0,12,44
net2604	The number of pins: 2
	0,15,45
	0,11,45
net2605	The number of pins: 2
	0,48,32
	0,47,34
net2606	The number of pins: 2
	0,49,34
	0,49,35
net2607	The number of pins: 2
	0,49,40
	0,47,39
net2608	The number of pins: 2
	0,39,20
	0,39,22
net2609	The number of pins: 2
	0,38,27
	0,38,28
net2610	The number of pins: 2
	0,24,54
	0,24,54
net2611	The number of pins: 2
	0,18,54
	0,18,53
net2612	The number of pins: 2
	0,47,39
	0,47,38
net2613	The number of pins: 2
	0,41,23
	0,44,22
net2614	The number of pins: 2
	0,13,55
	0,13,56
net2615	The number of pins: 2
	0,44,44
	0,44,43
net2616	The number of pins: 2
	0,39,22
	0,39,23
net2617	The number of pins: 2
	0,31,29
	0,30,28
net2618	The number of pins: 2
	0,30,11
	0,30,11
net2619	The number of pins: 2
	0,42,42
	0,43,42
net2620	The number of pins: 2
	0,30,39
	0,30,39
net2621	The number of pins: 2
	0,17,45
	0,16,45
net2622	The number of pins: 2
	0,59,36
	0,59,36
net2623	The number of pins: 2
	0,52,19
	0,52,18
net2624	The number of pins: 2
	0,32,51
	0,32,50
net2625	The number of pins: 2
	0,28,55
	0,28,55
net2626	The number of pins: 2
	0,22,46
	0,21,48
net2627	The number of pins: 2
	0,44,49
	0,44,51
net2628	The number of pins: 2
	0,23,20
	0,22,21
net2629	The number of pins: 2
	0,33,38
	0,33,39
net2630	The number of pins: 2
	0,13,29
	0,13,30
net2631	The number of pins: 2
	0,36,33
	0,36,33
net2632	The number of pins: 2
	0,29,27
	0,29,26
net2633	The number of pins: 2
	0,38,54
	0,38,54
net2634	The number of pins: 2
	0,30,50
	0,30,50
net2635	The number of pins: 2
	0,20,54
	0,19,55
net2636	The number of pins: 2
	0,16,50
	0,16,51
net2637	The number of pins: 2
	0,16,53
	0,16,54
net2638	The number of pins: 2
	0,17,53
	0,17,52
net2639	The number of pins: 2
	0,9,51
	0,9,51
net2640	The number of pins: 2
	0,31,41
	0,31,41
net2641	The number of pins: 2
	0,24,45
	0,24,45
net2642	The number of pins: 2
	0,26,19
	0,26,20
net2643	The number of pins: 2
	0,49,16
	0,49,15
net2644	The number of pins: 2
	0,36,40
	0,37,40
net2645	The number of pins: 2
	0,24,11
	0,25,11
net2646	The number of pins: 2
	0,21,50
	0,20,46
net2647	The number of pins: 2
	0,21,50
	0,21,49
net2648	The number of pins: 2
	0,20,35
	0,19,35
net2649	The number of pins: 2
	0,30,27
	0,30,29
net2650	The number of pins: 2
	0,17,38
	0,16,39
net2651	The number of pins: 2
	0,12,57
	0,13,57
net2652	The number of pins: 2
	0,43,37
	0,42,36
net2653	The number of pins: 2
	0,36,46
	0,38,47
net2654	The number of pins: 2
	0,33,51
	0,34,50
net2655	The number of pins: 2
	0,25,45
	0,24,44
net2656	The number of pins: 2
	0,47,24
	0,47,23
net2657	The number of pins: 2
	0,62,30
	0,61,30
net2658	The number of pins: 2
	0,20,45
	0,20,46
net2659	The number of pins: 2
	0,19,27
	0,19,27
net2660	The number of pins: 2
	0,20,26
	0,19,26
net2661	The number of pins: 2
	0,51,27
	0,51,28
net2662	The number of pins: 2
	0,43,40
	0,44,40
net2663	The number of pins: 2
	0,10,36
	0,10,36
net2664	The number of pins: 2
	0,47,40
	0,50,42
net2665	The number of pins: 2
	0,36,30
	0,38,30
net2666	The number of pins: 2
	0,34,28
	0,34,29
net2667	The number of pins: 2
	0,31,36
	0,31,37
net2668	The number of pins: 2
	0,27,44
	0,24,44
net2669	The number of pins: 2
	0,18,35
	0,18,36
net2670	The number of pins: 2
	0,27,38
	0,27,39
net2671	The number of pins: 2
	0,38,39
	0,38,39
net2672	The number of pins: 2
	0,36,45
	0,36,45
net2673	The number of pins: 2
	0,30,53
	0,30,54
net2674	The number of pins: 2
	0,22,44
	0,21,44
net2675	The number of pins: 2
	0,17,56
	0,16,55
net2676	The number of pins: 2
	0,60,0
	0,60,0
net2677	The number of pins: 2
	0,40,31
	0,40,31
net2678	The number of pins: 2
	0,27,12
	0,28,12
net2679	The number of pins: 2
	0,23,45
	0,23,47
net2680	The number of pins: 2
	0,9,45
	0,9,43
net2681	The number of pins: 2
	0,33,47
	0,34,47
net2682	The number of pins: 2
	0,47,10
	0,47,10
net2683	The number of pins: 2
	0,37,16
	0,35,17
net2684	The number of pins: 2
	0,8,48
	0,8,49
net2685	The number of pins: 2
	0,61,26
	0,55,25
net2686	The number of pins: 2
	0,20,49
	0,21,48
net2687	The number of pins: 2
	0,19,56
	0,20,56
net2688	The number of pins: 2
	0,37,13
	0,37,12
net2689	The number of pins: 2
	0,11,48
	0,8,48
net2690	The number of pins: 2
	0,26,44
	0,27,45
net2691	The number of pins: 2
	0,10,33
	0,10,31
net2692	The number of pins: 2
	0,52,21
	0,52,21
net2693	The number of pins: 2
	0,38,21
	0,39,21
net2694	The number of pins: 2
	0,36,22
	0,37,22
net2695	The number of pins: 2
	0,30,44
	0,31,43
net2696	The number of pins: 2
	0,30,28
	0,32,28
net2697	The number of pins: 2
	0,28,15
	0,28,15
net2698	The number of pins: 2
	0,25,54
	0,25,55
net2699	The number of pins: 2
	0,14,35
	0,15,34
net2700	The number of pins: 2
	0,10,48
	0,9,47
net2701	The number of pins: 2
	0,43,44
	0,46,44
net2702	The number of pins: 2
	0,22,14
	0,22,13
net2703	The number of pins: 2
	0,26,44
	0,25,44
net2704	The number of pins: 2
	0,17,40
	0,17,41
net2705	The number of pins: 2
	0,4,38
	0,4,39
net2706	The number of pins: 2
	0,45,44
	0,45,45
net2707	The number of pins: 2
	0,41,35
	0,41,36
net2708	The number of pins: 2
	0,38,35
	0,39,37
net2709	The number of pins: 2
	0,39,43
	0,40,44
net2710	The number of pins: 2
	0,41,21
	0,42,21
net2711	The number of pins: 2
	0,35,55
	0,34,53
net2712	The number of pins: 2
	0,30,45
	0,31,45
net2713	The number of pins: 2
	0,30,42
	0,30,42
net2714	The number of pins: 2
	0,16,53
	0,15,52
net2715	The number of pins: 2
	0,17,40
	0,17,40
net2716	The number of pins: 2
	0,11,49
	0,11,49
net2717	The number of pins: 2
	0,41,49
	0,42,50
net2718	The number of pins: 2
	0,31,42
	0,31,43
net2719	The number of pins: 2
	0,30,51
	0,30,51
net2720	The number of pins: 2
	0,28,44
	0,28,44
net2721	The number of pins: 2
	0,28,55
	0,28,56
net2722	The number of pins: 2
	0,21,41
	0,21,39
net2723	The number of pins: 2
	0,28,51
	0,28,51
net2724	The number of pins: 2
	0,12,45
	0,12,46
net2725	The number of pins: 2
	0,58,37
	0,58,37
net2726	The number of pins: 2
	0,43,43
	0,41,43
net2727	The number of pins: 2
	0,32,40
	0,32,40
net2728	The number of pins: 2
	0,32,49
	0,31,50
net2729	The number of pins: 2
	0,18,36
	0,19,37
net2730	The number of pins: 2
	0,22,51
	0,22,51
net2731	The number of pins: 2
	0,17,50
	0,18,50
net2732	The number of pins: 2
	0,7,52
	0,6,51
net2733	The number of pins: 2
	0,3,49
	0,3,49
net2734	The number of pins: 2
	0,0,3
	0,0,2
net2735	The number of pins: 2
	0,33,53
	0,34,54
net2736	The number of pins: 2
	0,16,48
	0,18,49
net2737	The number of pins: 2
	0,9,45
	0,13,43
net2738	The number of pins: 2
	0,61,2
	0,62,1
net2739	The number of pins: 2
	0,57,37
	0,58,37
net2740	The number of pins: 2
	0,31,14
	0,31,15
net2741	The number of pins: 2
	0,26,15
	0,27,15
net2742	The number of pins: 2
	0,39,54
	0,38,54
net2743	The number of pins: 2
	0,23,39
	0,23,41
net2744	The number of pins: 2
	0,23,15
	0,23,16
net2745	The number of pins: 2
	0,25,53
	0,26,54
net2746	The number of pins: 2
	0,18,19
	0,17,20
net2747	The number of pins: 2
	0,47,42
	0,48,42
net2748	The number of pins: 2
	0,41,25
	0,40,26
net2749	The number of pins: 2
	0,19,44
	0,21,43
net2750	The number of pins: 2
	0,10,24
	0,11,24
net2751	The number of pins: 2
	0,8,55
	0,8,56
net2752	The number of pins: 2
	0,54,27
	0,54,26
net2753	The number of pins: 2
	0,33,10
	0,32,11
net2754	The number of pins: 2
	0,43,28
	0,43,29
net2755	The number of pins: 2
	0,22,37
	0,22,39
net2756	The number of pins: 2
	0,12,56
	0,12,57
net2757	The number of pins: 2
	0,51,39
	0,53,37
net2758	The number of pins: 2
	0,28,12
	0,28,11
net2759	The number of pins: 2
	0,44,35
	0,45,34
net2760	The number of pins: 2
	0,38,43
	0,38,42
net2761	The number of pins: 2
	0,31,32
	0,31,31
net2762	The number of pins: 2
	0,33,30
	0,33,31
net2763	The number of pins: 2
	0,34,35
	0,34,36
net2764	The number of pins: 2
	0,26,41
	0,25,41
net2765	The number of pins: 2
	0,31,59
	0,31,57
net2766	The number of pins: 2
	0,16,44
	0,15,44
net2767	The number of pins: 2
	0,18,51
	0,18,51
net2768	The number of pins: 2
	0,18,51
	0,17,51
net2769	The number of pins: 2
	0,49,39
	0,50,39
net2770	The number of pins: 2
	0,14,40
	0,10,40
net2771	The number of pins: 2
	0,33,33
	0,33,32
net2772	The number of pins: 2
	0,26,15
	0,26,15
net2773	The number of pins: 2
	0,29,54
	0,29,54
net2774	The number of pins: 2
	0,27,54
	0,27,54
net2775	The number of pins: 2
	0,23,55
	0,22,56
net2776	The number of pins: 2
	0,14,50
	0,14,52
net2777	The number of pins: 2
	0,6,51
	0,6,49
net2778	The number of pins: 2
	0,28,19
	0,27,19
net2779	The number of pins: 2
	0,26,33
	0,28,34
net2780	The number of pins: 2
	0,7,43
	0,7,42
net2781	The number of pins: 2
	0,35,41
	0,37,41
net2782	The number of pins: 2
	0,23,51
	0,23,54
net2783	The number of pins: 2
	0,41,45
	0,41,47
net2784	The number of pins: 2
	0,31,43
	0,31,43
net2785	The number of pins: 2
	0,23,13
	0,24,13
net2786	The number of pins: 2
	0,15,30
	0,14,29
net2787	The number of pins: 2
	0,39,36
	0,39,36
net2788	The number of pins: 2
	0,30,57
	0,30,57
net2789	The number of pins: 2
	0,13,51
	0,13,51
net2790	The number of pins: 2
	0,7,49
	0,7,46
net2791	The number of pins: 2
	0,28,10
	0,28,9
net2792	The number of pins: 2
	0,29,50
	0,29,50
net2793	The number of pins: 2
	0,24,35
	0,24,35
net2794	The number of pins: 2
	0,3,40
	0,3,41
net2795	The number of pins: 2
	0,37,9
	0,37,10
net2796	The number of pins: 2
	0,36,36
	0,36,34
net2797	The number of pins: 2
	0,30,14
	0,30,14
net2798	The number of pins: 2
	0,21,18
	0,21,17
net2799	The number of pins: 2
	0,20,32
	0,20,32
net2800	The number of pins: 2
	0,25,39
	0,25,42
net2801	The number of pins: 2
	0,57,0
	0,57,0
net2802	The number of pins: 2
	0,8,47
	0,8,48
net2803	The number of pins: 2
	0,53,21
	0,52,22
net2804	The number of pins: 2
	0,13,27
	0,14,27
net2805	The number of pins: 2
	0,56,21
	0,55,22
net2806	The number of pins: 2
	0,40,46
	0,41,47
net2807	The number of pins: 2
	0,37,31
	0,37,32
net2808	The number of pins: 2
	0,34,25
	0,34,24
net2809	The number of pins: 2
	0,41,41
	0,42,41
net2810	The number of pins: 2
	0,32,35
	0,33,35
net2811	The number of pins: 2
	0,17,39
	0,18,39
net2812	The number of pins: 2
	0,29,59
	0,30,59
net2813	The number of pins: 2
	0,22,29
	0,22,27
net2814	The number of pins: 2
	0,44,36
	0,44,36
net2815	The number of pins: 2
	0,45,51
	0,45,50
net2816	The number of pins: 2
	0,33,29
	0,33,28
net2817	The number of pins: 2
	0,37,48
	0,37,48
net2818	The number of pins: 2
	0,29,47
	0,30,48
net2819	The number of pins: 2
	0,35,54
	0,35,54
net2820	The number of pins: 2
	0,33,53
	0,33,53
net2821	The number of pins: 2
	0,27,33
	0,27,34
net2822	The number of pins: 2
	0,17,36
	0,18,37
net2823	The number of pins: 2
	0,15,34
	0,16,35
net2824	The number of pins: 2
	0,15,42
	0,14,42
net2825	The number of pins: 2
	0,12,34
	0,12,34
net2826	The number of pins: 2
	0,54,21
	0,53,21
net2827	The number of pins: 2
	0,52,31
	0,52,29
net2828	The number of pins: 2
	0,33,33
	0,33,34
net2829	The number of pins: 2
	0,28,12
	0,28,13
net2830	The number of pins: 2
	0,11,28
	0,11,27
net2831	The number of pins: 2
	0,13,31
	0,12,31
net2832	The number of pins: 2
	0,56,22
	0,54,22
net2833	The number of pins: 2
	0,59,39
	0,58,39
net2834	The number of pins: 2
	0,53,39
	0,54,39
net2835	The number of pins: 2
	0,43,41
	0,44,40
net2836	The number of pins: 2
	0,31,24
	0,32,25
net2837	The number of pins: 2
	0,27,15
	0,28,16
net2838	The number of pins: 2
	0,19,33
	0,19,33
net2839	The number of pins: 2
	0,34,52
	0,35,53
net2840	The number of pins: 2
	0,27,22
	0,27,23
net2841	The number of pins: 2
	0,28,45
	0,28,46
net2842	The number of pins: 2
	0,19,45
	0,18,46
net2843	The number of pins: 2
	0,19,46
	0,19,46
net2844	The number of pins: 2
	0,14,39
	0,15,39
net2845	The number of pins: 2
	0,10,49
	0,11,49
net2846	The number of pins: 2
	0,9,33
	0,9,34
net2847	The number of pins: 2
	0,49,34
	0,50,34
net2848	The number of pins: 2
	0,15,27
	0,14,27
net2849	The number of pins: 2
	0,56,32
	0,55,32
net2850	The number of pins: 2
	0,38,40
	0,38,42
net2851	The number of pins: 2
	0,14,44
	0,14,44
net2852	The number of pins: 2
	0,21,46
	0,20,46
net2853	The number of pins: 2
	0,14,51
	0,13,51
net2854	The number of pins: 2
	0,49,19
	0,43,18
net2855	The number of pins: 2
	0,37,24
	0,37,24
net2856	The number of pins: 2
	0,35,16
	0,36,17
net2857	The number of pins: 2
	0,20,56
	0,20,55
net2858	The number of pins: 2
	0,47,39
	0,48,39
net2859	The number of pins: 2
	0,38,22
	0,38,23
net2860	The number of pins: 2
	0,31,39
	0,31,39
net2861	The number of pins: 2
	0,19,55
	0,19,55
net2862	The number of pins: 2
	0,17,51
	0,17,52
net2863	The number of pins: 2
	0,6,35
	0,5,34
net2864	The number of pins: 2
	0,37,30
	0,37,30
net2865	The number of pins: 2
	0,32,19
	0,30,18
net2866	The number of pins: 2
	0,29,51
	0,28,51
net2867	The number of pins: 2
	0,22,55
	0,22,55
net2868	The number of pins: 2
	0,22,60
	0,22,59
net2869	The number of pins: 2
	0,41,10
	0,41,11
net2870	The number of pins: 2
	0,44,39
	0,43,39
net2871	The number of pins: 2
	0,42,48
	0,41,48
net2872	The number of pins: 2
	0,39,48
	0,39,48
net2873	The number of pins: 2
	0,28,19
	0,28,19
net2874	The number of pins: 2
	0,38,47
	0,38,48
net2875	The number of pins: 2
	0,28,17
	0,28,16
net2876	The number of pins: 2
	0,36,53
	0,35,52
net2877	The number of pins: 2
	0,32,44
	0,32,45
net2878	The number of pins: 2
	0,22,37
	0,23,38
net2879	The number of pins: 2
	0,16,41
	0,15,40
net2880	The number of pins: 2
	0,9,51
	0,11,51
net2881	The number of pins: 2
	0,12,54
	0,12,55
net2882	The number of pins: 2
	0,48,41
	0,47,40
net2883	The number of pins: 2
	0,50,27
	0,50,27
net2884	The number of pins: 2
	0,41,35
	0,41,35
net2885	The number of pins: 2
	0,22,17
	0,22,17
net2886	The number of pins: 2
	0,51,40
	0,50,39
net2887	The number of pins: 2
	0,59,35
	0,58,35
net2888	The number of pins: 2
	0,34,38
	0,34,38
net2889	The number of pins: 2
	0,10,41
	0,12,42
net2890	The number of pins: 2
	0,12,56
	0,12,57
net2891	The number of pins: 2
	0,48,43
	0,47,44
net2892	The number of pins: 2
	0,31,35
	0,33,36
net2893	The number of pins: 2
	0,23,53
	0,24,52
net2894	The number of pins: 2
	0,22,43
	0,22,44
net2895	The number of pins: 2
	0,16,49
	0,16,48
net2896	The number of pins: 2
	0,31,28
	0,33,28
net2897	The number of pins: 2
	0,53,26
	0,53,25
net2898	The number of pins: 2
	0,38,36
	0,40,36
net2899	The number of pins: 2
	0,38,30
	0,38,29
net2900	The number of pins: 2
	0,37,39
	0,37,38
net2901	The number of pins: 2
	0,40,45
	0,40,46
net2902	The number of pins: 2
	0,24,27
	0,25,26
net2903	The number of pins: 2
	0,31,10
	0,29,10
net2904	The number of pins: 2
	0,13,38
	0,13,37
net2905	The number of pins: 2
	0,3,49
	0,3,50
net2906	The number of pins: 2
	0,55,24
	0,54,31
net2907	The number of pins: 2
	0,23,41
	0,23,41
net2908	The number of pins: 2
	0,10,25
	0,10,25
net2909	The number of pins: 2
	0,34,45
	0,34,45
net2910	The number of pins: 2
	0,20,28
	0,21,28
net2911	The number of pins: 2
	0,44,36
	0,45,36
net2912	The number of pins: 2
	0,24,15
	0,23,15
net2913	The number of pins: 2
	0,12,43
	0,11,42
net2914	The number of pins: 2
	0,19,23
	0,19,23
net2915	The number of pins: 2
	0,50,35
	0,50,34
net2916	The number of pins: 2
	0,37,37
	0,37,37
net2917	The number of pins: 2
	0,40,48
	0,39,48
net2918	The number of pins: 2
	0,32,42
	0,32,42
net2919	The number of pins: 2
	0,49,9
	0,49,8
net2920	The number of pins: 2
	0,26,55
	0,27,55
net2921	The number of pins: 2
	0,36,47
	0,35,46
net2922	The number of pins: 2
	0,26,45
	0,27,45
net2923	The number of pins: 2
	0,26,56
	0,27,55
net2924	The number of pins: 2
	0,21,51
	0,22,51
net2925	The number of pins: 2
	0,16,53
	0,17,52
net2926	The number of pins: 2
	0,12,50
	0,13,49
net2927	The number of pins: 2
	0,8,46
	0,9,45
net2928	The number of pins: 2
	0,6,44
	0,5,44
net2929	The number of pins: 2
	0,4,50
	0,4,49
net2930	The number of pins: 2
	0,43,45
	0,43,47
net2931	The number of pins: 2
	0,42,36
	0,42,36
net2932	The number of pins: 2
	0,34,33
	0,34,33
net2933	The number of pins: 2
	0,31,46
	0,31,46
net2934	The number of pins: 2
	0,59,0
	0,59,0
net2935	The number of pins: 2
	0,28,20
	0,27,19
net2936	The number of pins: 2
	0,24,17
	0,24,16
net2937	The number of pins: 2
	0,23,32
	0,23,33
net2938	The number of pins: 2
	0,23,54
	0,24,54
net2939	The number of pins: 2
	0,12,55
	0,11,55
net2940	The number of pins: 2
	0,23,25
	0,24,25
net2941	The number of pins: 2
	0,22,15
	0,22,14
net2942	The number of pins: 2
	0,47,26
	0,47,26
net2943	The number of pins: 2
	0,41,46
	0,42,49
net2944	The number of pins: 2
	0,37,43
	0,36,44
net2945	The number of pins: 2
	0,16,40
	0,16,41
net2946	The number of pins: 2
	0,37,16
	0,37,15
net2947	The number of pins: 2
	0,14,28
	0,14,28
net2948	The number of pins: 2
	0,21,39
	0,21,40
net2949	The number of pins: 2
	0,17,27
	0,17,27
net2950	The number of pins: 2
	0,41,42
	0,42,43
net2951	The number of pins: 2
	0,58,25
	0,58,26
net2952	The number of pins: 2
	0,35,13
	0,35,15
net2953	The number of pins: 2
	0,42,47
	0,42,47
net2954	The number of pins: 2
	0,14,47
	0,14,51
net2955	The number of pins: 2
	0,31,34
	0,31,35
net2956	The number of pins: 2
	0,17,43
	0,17,43
net2957	The number of pins: 2
	0,3,46
	0,3,47
net2958	The number of pins: 2
	0,23,49
	0,23,49
net2959	The number of pins: 2
	0,25,44
	0,26,44
net2960	The number of pins: 2
	0,25,14
	0,26,14
net2961	The number of pins: 2
	0,18,48
	0,19,49
net2962	The number of pins: 2
	0,15,33
	0,15,32
net2963	The number of pins: 2
	0,11,50
	0,9,50
net2964	The number of pins: 2
	0,21,43
	0,20,43
net2965	The number of pins: 2
	0,21,47
	0,22,48
net2966	The number of pins: 2
	0,58,24
	0,57,25
net2967	The number of pins: 2
	0,41,31
	0,42,30
net2968	The number of pins: 2
	0,38,13
	0,38,15
net2969	The number of pins: 2
	0,39,29
	0,40,29
net2970	The number of pins: 2
	0,41,45
	0,39,45
net2971	The number of pins: 2
	0,24,29
	0,24,30
net2972	The number of pins: 2
	0,35,18
	0,35,18
net2973	The number of pins: 2
	0,26,54
	0,26,54
net2974	The number of pins: 2
	0,15,37
	0,16,37
net2975	The number of pins: 2
	0,9,45
	0,11,45
net2976	The number of pins: 2
	0,37,35
	0,37,34
net2977	The number of pins: 2
	0,18,24
	0,20,24
net2978	The number of pins: 2
	0,62,39
	0,62,39
net2979	The number of pins: 2
	0,20,23
	0,20,23
net2980	The number of pins: 2
	0,23,36
	0,24,38
net2981	The number of pins: 2
	0,44,37
	0,44,37
net2982	The number of pins: 2
	0,33,18
	0,33,19
net2983	The number of pins: 2
	0,21,28
	0,21,28
net2984	The number of pins: 2
	0,27,12
	0,27,12
net2985	The number of pins: 2
	0,23,17
	0,23,16
net2986	The number of pins: 2
	0,29,35
	0,29,35
net2987	The number of pins: 2
	0,19,18
	0,19,20
net2988	The number of pins: 2
	0,23,34
	0,23,34
net2989	The number of pins: 2
	0,15,37
	0,15,38
net2990	The number of pins: 2
	0,23,29
	0,23,29
net2991	The number of pins: 2
	0,24,32
	0,24,32
net2992	The number of pins: 2
	0,32,22
	0,34,23
net2993	The number of pins: 2
	0,28,34
	0,22,35
net2994	The number of pins: 2
	0,20,24
	0,19,24
net2995	The number of pins: 2
	0,0,4
	0,0,4
net2996	The number of pins: 2
	0,52,26
	0,52,26
net2997	The number of pins: 2
	0,42,35
	0,41,34
net2998	The number of pins: 2
	0,43,41
	0,41,39
net2999	The number of pins: 2
	0,16,32
	0,16,30
net3000	The number of pins: 2
	0,15,49
	0,15,49
net3001	The number of pins: 2
	0,60,37
	0,60,37
net3002	The number of pins: 2
	0,30,13
	0,30,13
net3003	The number of pins: 2
	0,52,25
	0,53,24
net3004	The number of pins: 2
	0,46,37
	0,46,37
net3005	The number of pins: 2
	0,40,36
	0,40,36
net3006	The number of pins: 2
	0,34,34
	0,34,33
net3007	The number of pins: 2
	0,35,28
	0,33,29
net3008	The number of pins: 2
	0,27,53
	0,26,54
net3009	The number of pins: 2
	0,46,41
	0,46,39
net3010	The number of pins: 2
	0,33,31
	0,34,32
net3011	The number of pins: 2
	0,42,39
	0,42,38
net3012	The number of pins: 2
	0,33,27
	0,34,26
net3013	The number of pins: 2
	0,36,46
	0,36,47
net3014	The number of pins: 2
	0,32,41
	0,32,41
net3015	The number of pins: 2
	0,32,51
	0,34,50
net3016	The number of pins: 2
	0,31,51
	0,31,50
net3017	The number of pins: 2
	0,17,47
	0,18,47
net3018	The number of pins: 2
	0,14,51
	0,15,51
net3019	The number of pins: 2
	0,28,47
	0,27,46
net3020	The number of pins: 2
	0,26,30
	0,25,30
net3021	The number of pins: 2
	0,47,16
	0,49,16
net3022	The number of pins: 2
	0,0,2
	0,0,2
net3023	The number of pins: 2
	0,36,42
	0,37,42
net3024	The number of pins: 2
	0,36,33
	0,36,31
net3025	The number of pins: 2
	0,39,39
	0,40,40
net3026	The number of pins: 2
	0,35,49
	0,34,49
net3027	The number of pins: 2
	0,32,43
	0,31,43
net3028	The number of pins: 2
	0,24,16
	0,21,16
net3029	The number of pins: 2
	0,13,27
	0,13,27
net3030	The number of pins: 2
	0,55,24
	0,54,23
net3031	The number of pins: 2
	0,53,21
	0,53,21
net3032	The number of pins: 2
	0,38,41
	0,36,41
net3033	The number of pins: 2
	0,9,44
	0,8,43
net3034	The number of pins: 2
	0,12,48
	0,11,49
net3035	The number of pins: 2
	0,52,22
	0,52,23
net3036	The number of pins: 2
	0,9,49
	0,8,48
net3037	The number of pins: 2
	0,34,31
	0,34,30
net3038	The number of pins: 2
	0,27,42
	0,27,42
net3039	The number of pins: 2
	0,18,19
	0,18,18
net3040	The number of pins: 2
	0,18,48
	0,19,48
net3041	The number of pins: 2
	0,14,27
	0,14,27
net3042	The number of pins: 2
	0,54,23
	0,56,25
net3043	The number of pins: 2
	0,39,32
	0,39,32
net3044	The number of pins: 2
	0,40,19
	0,40,20
net3045	The number of pins: 2
	0,41,24
	0,40,25
net3046	The number of pins: 2
	0,13,30
	0,13,30
net3047	The number of pins: 2
	0,20,26
	0,20,26
net3048	The number of pins: 2
	0,43,39
	0,43,39
net3049	The number of pins: 2
	0,39,37
	0,39,36
net3050	The number of pins: 2
	0,38,29
	0,37,30
net3051	The number of pins: 2
	0,43,44
	0,43,45
net3052	The number of pins: 2
	0,37,33
	0,37,34
net3053	The number of pins: 2
	0,41,37
	0,42,36
net3054	The number of pins: 2
	0,39,43
	0,38,43
net3055	The number of pins: 2
	0,38,35
	0,39,35
net3056	The number of pins: 2
	0,30,21
	0,30,21
net3057	The number of pins: 2
	0,33,39
	0,33,40
net3058	The number of pins: 2
	0,29,13
	0,28,14
net3059	The number of pins: 2
	0,30,37
	0,30,38
net3060	The number of pins: 2
	0,30,17
	0,30,17
net3061	The number of pins: 2
	0,31,34
	0,30,33
net3062	The number of pins: 2
	0,28,24
	0,28,24
net3063	The number of pins: 2
	0,24,15
	0,23,15
net3064	The number of pins: 2
	0,26,40
	0,26,42
net3065	The number of pins: 2
	0,24,47
	0,24,47
net3066	The number of pins: 2
	0,24,53
	0,24,53
net3067	The number of pins: 2
	0,19,44
	0,19,44
net3068	The number of pins: 2
	0,17,36
	0,18,36
net3069	The number of pins: 2
	0,19,53
	0,19,52
net3070	The number of pins: 2
	0,16,54
	0,16,52
net3071	The number of pins: 2
	0,14,46
	0,15,47
net3072	The number of pins: 2
	0,15,45
	0,15,45
net3073	The number of pins: 2
	0,14,53
	0,12,51
net3074	The number of pins: 2
	0,21,26
	0,21,26
net3075	The number of pins: 2
	0,57,33
	0,58,33
net3076	The number of pins: 2
	0,37,34
	0,36,33
net3077	The number of pins: 2
	0,34,46
	0,34,48
net3078	The number of pins: 2
	0,23,15
	0,20,15
net3079	The number of pins: 2
	0,19,38
	0,19,37
net3080	The number of pins: 2
	0,36,23
	0,37,23
net3081	The number of pins: 2
	0,30,12
	0,29,11
net3082	The number of pins: 2
	0,36,44
	0,37,45
net3083	The number of pins: 2
	0,58,27
	0,59,27
net3084	The number of pins: 2
	0,55,21
	0,54,21
net3085	The number of pins: 2
	0,37,23
	0,37,23
net3086	The number of pins: 2
	0,42,19
	0,40,18
net3087	The number of pins: 2
	0,34,33
	0,34,32
net3088	The number of pins: 2
	0,32,31
	0,32,32
net3089	The number of pins: 2
	0,35,45
	0,35,44
net3090	The number of pins: 2
	0,21,39
	0,18,39
net3091	The number of pins: 2
	0,58,33
	0,54,34
net3092	The number of pins: 2
	0,56,33
	0,52,34
net3093	The number of pins: 2
	0,29,34
	0,29,36
net3094	The number of pins: 2
	0,56,36
	0,55,36
net3095	The number of pins: 2
	0,58,30
	0,57,30
net3096	The number of pins: 2
	0,40,31
	0,40,31
net3097	The number of pins: 2
	0,24,38
	0,24,38
net3098	The number of pins: 2
	0,0,6
	0,0,6
net3099	The number of pins: 2
	0,45,40
	0,44,40
net3100	The number of pins: 2
	0,25,42
	0,25,42
net3101	The number of pins: 2
	0,48,18
	0,48,17
net3102	The number of pins: 2
	0,46,42
	0,46,42
net3103	The number of pins: 2
	0,38,12
	0,37,14
net3104	The number of pins: 2
	0,58,29
	0,58,28
net3105	The number of pins: 2
	0,45,37
	0,45,38
net3106	The number of pins: 2
	0,34,18
	0,34,18
net3107	The number of pins: 2
	0,46,32
	0,47,31
net3108	The number of pins: 2
	0,29,14
	0,30,14
net3109	The number of pins: 2
	0,33,45
	0,32,44
net3110	The number of pins: 2
	0,25,54
	0,25,54
net3111	The number of pins: 2
	0,13,41
	0,13,41
net3112	The number of pins: 2
	0,13,56
	0,14,57
net3113	The number of pins: 2
	0,22,32
	0,20,32
net3114	The number of pins: 2
	0,21,25
	0,21,25
net3115	The number of pins: 2
	0,39,38
	0,37,37
net3116	The number of pins: 2
	0,31,35
	0,31,35
net3117	The number of pins: 2
	0,32,45
	0,32,45
net3118	The number of pins: 2
	0,24,41
	0,24,40
net3119	The number of pins: 2
	0,13,44
	0,13,43
net3120	The number of pins: 2
	0,41,12
	0,41,12
net3121	The number of pins: 2
	0,43,37
	0,43,36
net3122	The number of pins: 2
	0,40,36
	0,40,36
net3123	The number of pins: 2
	0,37,42
	0,37,42
net3124	The number of pins: 2
	0,31,13
	0,31,12
net3125	The number of pins: 2
	0,24,46
	0,24,46
net3126	The number of pins: 2
	0,19,39
	0,20,39
net3127	The number of pins: 2
	0,18,39
	0,17,38
net3128	The number of pins: 2
	0,14,43
	0,14,43
net3129	The number of pins: 2
	0,13,39
	0,11,39
net3130	The number of pins: 2
	0,14,41
	0,11,43
net3131	The number of pins: 2
	0,11,56
	0,10,56
net3132	The number of pins: 2
	0,45,44
	0,45,44
net3133	The number of pins: 2
	0,27,48
	0,28,48
net3134	The number of pins: 2
	0,14,57
	0,14,57
net3135	The number of pins: 2
	0,59,30
	0,52,30
net3136	The number of pins: 2
	0,51,40
	0,50,41
net3137	The number of pins: 2
	0,19,30
	0,18,30
net3138	The number of pins: 2
	0,59,29
	0,58,30
net3139	The number of pins: 2
	0,16,42
	0,15,41
net3140	The number of pins: 2
	0,53,26
	0,53,27
net3141	The number of pins: 2
	0,13,30
	0,13,31
net3142	The number of pins: 2
	0,20,26
	0,16,26
net3143	The number of pins: 2
	0,11,57
	0,11,57
net3144	The number of pins: 2
	0,37,28
	0,38,30
net3145	The number of pins: 2
	0,41,31
	0,42,32
net3146	The number of pins: 2
	0,41,27
	0,41,27
net3147	The number of pins: 2
	0,28,42
	0,28,42
net3148	The number of pins: 2
	0,13,41
	0,13,40
net3149	The number of pins: 2
	0,5,45
	0,5,45
net3150	The number of pins: 2
	0,22,27
	0,22,27
net3151	The number of pins: 2
	0,21,33
	0,20,33
net3152	The number of pins: 2
	0,22,27
	0,22,27
net3153	The number of pins: 1
	0,19,42
